<?xml version="1.0" encoding="UTF-8"?>
<root>
  <item name="android.app.appfunctions.AppFunctionException AppFunctionException(int, java.lang.String) 0">
    <annotation name="androidx.annotation.IntDef">
      <val name="value" val="{android.app.appfunctions.AppFunctionException.ERROR_DENIED, android.app.appfunctions.AppFunctionException.ERROR_APP_UNKNOWN_ERROR, android.app.appfunctions.AppFunctionException.ERROR_FUNCTION_NOT_FOUND, android.app.appfunctions.AppFunctionException.ERROR_SYSTEM_ERROR, android.app.appfunctions.AppFunctionException.ERROR_INVALID_ARGUMENT, android.app.appfunctions.AppFunctionException.ERROR_DISABLED, android.app.appfunctions.AppFunctionException.ERROR_CANCELLED, android.app.appfunctions.AppFunctionException.ERROR_ENTERPRISE_POLICY_DISALLOWED}" />
    </annotation>
  </item>
  <item name="android.app.appfunctions.AppFunctionException AppFunctionException(int, java.lang.String, android.os.Bundle) 0">
    <annotation name="androidx.annotation.IntDef">
      <val name="value" val="{android.app.appfunctions.AppFunctionException.ERROR_DENIED, android.app.appfunctions.AppFunctionException.ERROR_APP_UNKNOWN_ERROR, android.app.appfunctions.AppFunctionException.ERROR_FUNCTION_NOT_FOUND, android.app.appfunctions.AppFunctionException.ERROR_SYSTEM_ERROR, android.app.appfunctions.AppFunctionException.ERROR_INVALID_ARGUMENT, android.app.appfunctions.AppFunctionException.ERROR_DISABLED, android.app.appfunctions.AppFunctionException.ERROR_CANCELLED, android.app.appfunctions.AppFunctionException.ERROR_ENTERPRISE_POLICY_DISALLOWED}" />
    </annotation>
  </item>
  <item name="android.app.appfunctions.AppFunctionException int getErrorCategory()">
    <annotation name="androidx.annotation.IntDef">
      <val name="value" val="{android.app.appfunctions.AppFunctionException.ERROR_CATEGORY_UNKNOWN, android.app.appfunctions.AppFunctionException.ERROR_CATEGORY_REQUEST_ERROR, android.app.appfunctions.AppFunctionException.ERROR_CATEGORY_APP, android.app.appfunctions.AppFunctionException.ERROR_CATEGORY_SYSTEM}" />
    </annotation>
  </item>
  <item name="android.app.appfunctions.AppFunctionException int getErrorCode()">
    <annotation name="androidx.annotation.IntDef">
      <val name="value" val="{android.app.appfunctions.AppFunctionException.ERROR_DENIED, android.app.appfunctions.AppFunctionException.ERROR_APP_UNKNOWN_ERROR, android.app.appfunctions.AppFunctionException.ERROR_FUNCTION_NOT_FOUND, android.app.appfunctions.AppFunctionException.ERROR_SYSTEM_ERROR, android.app.appfunctions.AppFunctionException.ERROR_INVALID_ARGUMENT, android.app.appfunctions.AppFunctionException.ERROR_DISABLED, android.app.appfunctions.AppFunctionException.ERROR_CANCELLED, android.app.appfunctions.AppFunctionException.ERROR_ENTERPRISE_POLICY_DISALLOWED}" />
    </annotation>
  </item>
  <item name="android.app.appfunctions.AppFunctionManager void executeAppFunction(android.app.appfunctions.ExecuteAppFunctionRequest, java.util.concurrent.Executor, android.os.CancellationSignal, android.os.OutcomeReceiver&lt;android.app.appfunctions.ExecuteAppFunctionResponse,android.app.appfunctions.AppFunctionException&gt;)">
    <annotation name="androidx.annotation.RequiresPermission">
      <val name="value" val="&quot;android.permission.EXECUTE_APP_FUNCTIONS&quot;" />
      <val name="conditional" val="true" />
    </annotation>
  </item>
  <item name="android.app.appfunctions.AppFunctionManager void isAppFunctionEnabled(java.lang.String, java.lang.String, java.util.concurrent.Executor, android.os.OutcomeReceiver&lt;java.lang.Boolean,java.lang.Exception&gt;)">
    <annotation name="androidx.annotation.RequiresPermission">
      <val name="value" val="&quot;android.permission.EXECUTE_APP_FUNCTIONS&quot;" />
      <val name="conditional" val="true" />
    </annotation>
  </item>
  <item name="android.app.appfunctions.AppFunctionManager void setAppFunctionEnabled(java.lang.String, int, java.util.concurrent.Executor, android.os.OutcomeReceiver&lt;java.lang.Void,java.lang.Exception&gt;) 1">
    <annotation name="androidx.annotation.IntDef">
      <val name="value" val="{android.app.appfunctions.AppFunctionManager.APP_FUNCTION_STATE_DEFAULT, android.app.appfunctions.AppFunctionManager.APP_FUNCTION_STATE_ENABLED, android.app.appfunctions.AppFunctionManager.APP_FUNCTION_STATE_DISABLED}" />
    </annotation>
  </item>
  <item name="android.app.appfunctions.AppFunctionService void onExecuteFunction(android.app.appfunctions.ExecuteAppFunctionRequest, java.lang.String, android.content.pm.SigningInfo, android.os.CancellationSignal, android.os.OutcomeReceiver&lt;android.app.appfunctions.ExecuteAppFunctionResponse,android.app.appfunctions.AppFunctionException&gt;)">
    <annotation name="androidx.annotation.MainThread"/>
  </item>
</root>

