<?xml version="1.0" encoding="UTF-8"?>
<root>
  <item name="android.graphics.drawable.AdaptiveIconDrawable int getChangingConfigurations()">
    <annotation name="androidx.annotation.IntDef">
      <val name="value" val="{android.content.pm.ActivityInfo.CONFIG_MCC, android.content.pm.ActivityInfo.CONFIG_MNC, android.content.pm.ActivityInfo.CONFIG_LOCALE, android.content.pm.ActivityInfo.CONFIG_TOUCHSCREEN, android.content.pm.ActivityInfo.CONFIG_KEYBOARD, android.content.pm.ActivityInfo.CONFIG_KEYBOARD_HIDDEN, android.content.pm.ActivityInfo.CONFIG_NAVIGATION, android.content.pm.ActivityInfo.CONFIG_ORIENTATION, android.content.pm.ActivityInfo.CONFIG_SCREEN_LAYOUT, android.content.pm.ActivityInfo.CONFIG_UI_MODE, android.content.pm.ActivityInfo.CONFIG_SCREEN_SIZE, android.content.pm.ActivityInfo.CONFIG_SMALLEST_SCREEN_SIZE, android.content.pm.ActivityInfo.CONFIG_DENSITY, android.content.pm.ActivityInfo.CONFIG_LAYOUT_DIRECTION, android.content.pm.ActivityInfo.CONFIG_COLOR_MODE, android.content.pm.ActivityInfo.CONFIG_FONT_SCALE, android.content.pm.ActivityInfo.CONFIG_GRAMMATICAL_GENDER, android.content.pm.ActivityInfo.CONFIG_FONT_WEIGHT_ADJUSTMENT, android.content.pm.ActivityInfo.CONFIG_ASSETS_PATHS, android.content.pm.ActivityInfo.CONFIG_RESOURCES_UNUSED}" />
      <val name="flag" val="true" />
    </annotation>
  </item>
  <item name="android.graphics.drawable.AnimatedImageDrawable int getOpacity()">
    <annotation name="androidx.annotation.IntDef">
      <val name="value" val="{android.graphics.PixelFormat.UNKNOWN, android.graphics.PixelFormat.TRANSLUCENT, android.graphics.PixelFormat.TRANSPARENT, android.graphics.PixelFormat.OPAQUE}" />
    </annotation>
  </item>
  <item name="android.graphics.drawable.AnimatedImageDrawable void setAlpha(int) 0">
    <annotation name="androidx.annotation.IntRange">
      <val name="from" val="0" />
      <val name="to" val="255" />
    </annotation>
  </item>
  <item name="android.graphics.drawable.AnimatedImageDrawable void setRepeatCount(int) 0">
    <annotation name="androidx.annotation.IntRange">
      <val name="from" val="-1" />
    </annotation>
  </item>
  <item name="android.graphics.drawable.AnimatedVectorDrawable boolean onLayoutDirectionChanged(int) 0">
    <annotation name="androidx.annotation.IntDef">
      <val name="value" val="{android.view.View.LAYOUT_DIRECTION_LTR, android.view.View.LAYOUT_DIRECTION_RTL}" />
    </annotation>
  </item>
  <item name="android.graphics.drawable.AnimatedVectorDrawable int getChangingConfigurations()">
    <annotation name="androidx.annotation.IntDef">
      <val name="value" val="{android.content.pm.ActivityInfo.CONFIG_MCC, android.content.pm.ActivityInfo.CONFIG_MNC, android.content.pm.ActivityInfo.CONFIG_LOCALE, android.content.pm.ActivityInfo.CONFIG_TOUCHSCREEN, android.content.pm.ActivityInfo.CONFIG_KEYBOARD, android.content.pm.ActivityInfo.CONFIG_KEYBOARD_HIDDEN, android.content.pm.ActivityInfo.CONFIG_NAVIGATION, android.content.pm.ActivityInfo.CONFIG_ORIENTATION, android.content.pm.ActivityInfo.CONFIG_SCREEN_LAYOUT, android.content.pm.ActivityInfo.CONFIG_UI_MODE, android.content.pm.ActivityInfo.CONFIG_SCREEN_SIZE, android.content.pm.ActivityInfo.CONFIG_SMALLEST_SCREEN_SIZE, android.content.pm.ActivityInfo.CONFIG_DENSITY, android.content.pm.ActivityInfo.CONFIG_LAYOUT_DIRECTION, android.content.pm.ActivityInfo.CONFIG_COLOR_MODE, android.content.pm.ActivityInfo.CONFIG_FONT_SCALE, android.content.pm.ActivityInfo.CONFIG_GRAMMATICAL_GENDER, android.content.pm.ActivityInfo.CONFIG_FONT_WEIGHT_ADJUSTMENT, android.content.pm.ActivityInfo.CONFIG_ASSETS_PATHS, android.content.pm.ActivityInfo.CONFIG_RESOURCES_UNUSED}" />
      <val name="flag" val="true" />
    </annotation>
  </item>
  <item name="android.graphics.drawable.BitmapDrawable int getChangingConfigurations()">
    <annotation name="androidx.annotation.IntDef">
      <val name="value" val="{android.content.pm.ActivityInfo.CONFIG_MCC, android.content.pm.ActivityInfo.CONFIG_MNC, android.content.pm.ActivityInfo.CONFIG_LOCALE, android.content.pm.ActivityInfo.CONFIG_TOUCHSCREEN, android.content.pm.ActivityInfo.CONFIG_KEYBOARD, android.content.pm.ActivityInfo.CONFIG_KEYBOARD_HIDDEN, android.content.pm.ActivityInfo.CONFIG_NAVIGATION, android.content.pm.ActivityInfo.CONFIG_ORIENTATION, android.content.pm.ActivityInfo.CONFIG_SCREEN_LAYOUT, android.content.pm.ActivityInfo.CONFIG_UI_MODE, android.content.pm.ActivityInfo.CONFIG_SCREEN_SIZE, android.content.pm.ActivityInfo.CONFIG_SMALLEST_SCREEN_SIZE, android.content.pm.ActivityInfo.CONFIG_DENSITY, android.content.pm.ActivityInfo.CONFIG_LAYOUT_DIRECTION, android.content.pm.ActivityInfo.CONFIG_COLOR_MODE, android.content.pm.ActivityInfo.CONFIG_FONT_SCALE, android.content.pm.ActivityInfo.CONFIG_GRAMMATICAL_GENDER, android.content.pm.ActivityInfo.CONFIG_FONT_WEIGHT_ADJUSTMENT, android.content.pm.ActivityInfo.CONFIG_ASSETS_PATHS, android.content.pm.ActivityInfo.CONFIG_RESOURCES_UNUSED}" />
      <val name="flag" val="true" />
    </annotation>
  </item>
  <item name="android.graphics.drawable.ColorDrawable ColorDrawable(int) 0">
    <annotation name="androidx.annotation.ColorInt"/>
  </item>
  <item name="android.graphics.drawable.ColorDrawable int getChangingConfigurations()">
    <annotation name="androidx.annotation.IntDef">
      <val name="value" val="{android.content.pm.ActivityInfo.CONFIG_MCC, android.content.pm.ActivityInfo.CONFIG_MNC, android.content.pm.ActivityInfo.CONFIG_LOCALE, android.content.pm.ActivityInfo.CONFIG_TOUCHSCREEN, android.content.pm.ActivityInfo.CONFIG_KEYBOARD, android.content.pm.ActivityInfo.CONFIG_KEYBOARD_HIDDEN, android.content.pm.ActivityInfo.CONFIG_NAVIGATION, android.content.pm.ActivityInfo.CONFIG_ORIENTATION, android.content.pm.ActivityInfo.CONFIG_SCREEN_LAYOUT, android.content.pm.ActivityInfo.CONFIG_UI_MODE, android.content.pm.ActivityInfo.CONFIG_SCREEN_SIZE, android.content.pm.ActivityInfo.CONFIG_SMALLEST_SCREEN_SIZE, android.content.pm.ActivityInfo.CONFIG_DENSITY, android.content.pm.ActivityInfo.CONFIG_LAYOUT_DIRECTION, android.content.pm.ActivityInfo.CONFIG_COLOR_MODE, android.content.pm.ActivityInfo.CONFIG_FONT_SCALE, android.content.pm.ActivityInfo.CONFIG_GRAMMATICAL_GENDER, android.content.pm.ActivityInfo.CONFIG_FONT_WEIGHT_ADJUSTMENT, android.content.pm.ActivityInfo.CONFIG_ASSETS_PATHS, android.content.pm.ActivityInfo.CONFIG_RESOURCES_UNUSED}" />
      <val name="flag" val="true" />
    </annotation>
  </item>
  <item name="android.graphics.drawable.ColorDrawable int getColor()">
    <annotation name="androidx.annotation.ColorInt"/>
  </item>
  <item name="android.graphics.drawable.ColorDrawable void setColor(int) 0">
    <annotation name="androidx.annotation.ColorInt"/>
  </item>
  <item name="android.graphics.drawable.ColorStateListDrawable int getAlpha()">
    <annotation name="androidx.annotation.IntRange">
      <val name="from" val="0" />
      <val name="to" val="255" />
    </annotation>
  </item>
  <item name="android.graphics.drawable.ColorStateListDrawable int getOpacity()">
    <annotation name="androidx.annotation.IntDef">
      <val name="value" val="{android.graphics.PixelFormat.UNKNOWN, android.graphics.PixelFormat.TRANSLUCENT, android.graphics.PixelFormat.TRANSPARENT, android.graphics.PixelFormat.OPAQUE}" />
    </annotation>
  </item>
  <item name="android.graphics.drawable.ColorStateListDrawable void setAlpha(int) 0">
    <annotation name="androidx.annotation.IntRange">
      <val name="from" val="0" />
      <val name="to" val="255" />
    </annotation>
  </item>
  <item name="android.graphics.drawable.Drawable boolean onLayoutDirectionChanged(int) 0">
    <annotation name="androidx.annotation.IntDef">
      <val name="value" val="{android.view.View.LAYOUT_DIRECTION_LTR, android.view.View.LAYOUT_DIRECTION_RTL}" />
    </annotation>
  </item>
  <item name="android.graphics.drawable.Drawable boolean setLayoutDirection(int) 0">
    <annotation name="androidx.annotation.IntDef">
      <val name="value" val="{android.view.View.LAYOUT_DIRECTION_LTR, android.view.View.LAYOUT_DIRECTION_RTL}" />
    </annotation>
  </item>
  <item name="android.graphics.drawable.Drawable boolean setLevel(int) 0">
    <annotation name="androidx.annotation.IntRange">
      <val name="from" val="0" />
      <val name="to" val="10000" />
    </annotation>
  </item>
  <item name="android.graphics.drawable.Drawable int getAlpha()">
    <annotation name="androidx.annotation.IntRange">
      <val name="from" val="0" />
      <val name="to" val="255" />
    </annotation>
  </item>
  <item name="android.graphics.drawable.Drawable int getChangingConfigurations()">
    <annotation name="androidx.annotation.IntDef">
      <val name="value" val="{android.content.pm.ActivityInfo.CONFIG_MCC, android.content.pm.ActivityInfo.CONFIG_MNC, android.content.pm.ActivityInfo.CONFIG_LOCALE, android.content.pm.ActivityInfo.CONFIG_TOUCHSCREEN, android.content.pm.ActivityInfo.CONFIG_KEYBOARD, android.content.pm.ActivityInfo.CONFIG_KEYBOARD_HIDDEN, android.content.pm.ActivityInfo.CONFIG_NAVIGATION, android.content.pm.ActivityInfo.CONFIG_ORIENTATION, android.content.pm.ActivityInfo.CONFIG_SCREEN_LAYOUT, android.content.pm.ActivityInfo.CONFIG_UI_MODE, android.content.pm.ActivityInfo.CONFIG_SCREEN_SIZE, android.content.pm.ActivityInfo.CONFIG_SMALLEST_SCREEN_SIZE, android.content.pm.ActivityInfo.CONFIG_DENSITY, android.content.pm.ActivityInfo.CONFIG_LAYOUT_DIRECTION, android.content.pm.ActivityInfo.CONFIG_COLOR_MODE, android.content.pm.ActivityInfo.CONFIG_FONT_SCALE, android.content.pm.ActivityInfo.CONFIG_GRAMMATICAL_GENDER, android.content.pm.ActivityInfo.CONFIG_FONT_WEIGHT_ADJUSTMENT, android.content.pm.ActivityInfo.CONFIG_ASSETS_PATHS, android.content.pm.ActivityInfo.CONFIG_RESOURCES_UNUSED}" />
      <val name="flag" val="true" />
    </annotation>
  </item>
  <item name="android.graphics.drawable.Drawable int getLayoutDirection()">
    <annotation name="androidx.annotation.IntDef">
      <val name="value" val="{android.view.View.LAYOUT_DIRECTION_LTR, android.view.View.LAYOUT_DIRECTION_RTL}" />
    </annotation>
  </item>
  <item name="android.graphics.drawable.Drawable int getLevel()">
    <annotation name="androidx.annotation.IntRange">
      <val name="from" val="0" />
      <val name="to" val="10000" />
    </annotation>
  </item>
  <item name="android.graphics.drawable.Drawable int getOpacity()">
    <annotation name="androidx.annotation.IntDef">
      <val name="value" val="{android.graphics.PixelFormat.UNKNOWN, android.graphics.PixelFormat.TRANSLUCENT, android.graphics.PixelFormat.TRANSPARENT, android.graphics.PixelFormat.OPAQUE}" />
    </annotation>
  </item>
  <item name="android.graphics.drawable.Drawable int resolveOpacity(int, int)">
    <annotation name="androidx.annotation.IntDef">
      <val name="value" val="{android.graphics.PixelFormat.UNKNOWN, android.graphics.PixelFormat.TRANSLUCENT, android.graphics.PixelFormat.TRANSPARENT, android.graphics.PixelFormat.OPAQUE}" />
    </annotation>
  </item>
  <item name="android.graphics.drawable.Drawable int resolveOpacity(int, int) 0">
    <annotation name="androidx.annotation.IntDef">
      <val name="value" val="{android.graphics.PixelFormat.UNKNOWN, android.graphics.PixelFormat.TRANSLUCENT, android.graphics.PixelFormat.TRANSPARENT, android.graphics.PixelFormat.OPAQUE}" />
    </annotation>
  </item>
  <item name="android.graphics.drawable.Drawable int resolveOpacity(int, int) 1">
    <annotation name="androidx.annotation.IntDef">
      <val name="value" val="{android.graphics.PixelFormat.UNKNOWN, android.graphics.PixelFormat.TRANSLUCENT, android.graphics.PixelFormat.TRANSPARENT, android.graphics.PixelFormat.OPAQUE}" />
    </annotation>
  </item>
  <item name="android.graphics.drawable.Drawable void setAlpha(int) 0">
    <annotation name="androidx.annotation.IntRange">
      <val name="from" val="0" />
      <val name="to" val="255" />
    </annotation>
  </item>
  <item name="android.graphics.drawable.Drawable void setChangingConfigurations(int) 0">
    <annotation name="androidx.annotation.IntDef">
      <val name="value" val="{android.content.pm.ActivityInfo.CONFIG_MCC, android.content.pm.ActivityInfo.CONFIG_MNC, android.content.pm.ActivityInfo.CONFIG_LOCALE, android.content.pm.ActivityInfo.CONFIG_TOUCHSCREEN, android.content.pm.ActivityInfo.CONFIG_KEYBOARD, android.content.pm.ActivityInfo.CONFIG_KEYBOARD_HIDDEN, android.content.pm.ActivityInfo.CONFIG_NAVIGATION, android.content.pm.ActivityInfo.CONFIG_ORIENTATION, android.content.pm.ActivityInfo.CONFIG_SCREEN_LAYOUT, android.content.pm.ActivityInfo.CONFIG_UI_MODE, android.content.pm.ActivityInfo.CONFIG_SCREEN_SIZE, android.content.pm.ActivityInfo.CONFIG_SMALLEST_SCREEN_SIZE, android.content.pm.ActivityInfo.CONFIG_DENSITY, android.content.pm.ActivityInfo.CONFIG_LAYOUT_DIRECTION, android.content.pm.ActivityInfo.CONFIG_COLOR_MODE, android.content.pm.ActivityInfo.CONFIG_FONT_SCALE, android.content.pm.ActivityInfo.CONFIG_GRAMMATICAL_GENDER, android.content.pm.ActivityInfo.CONFIG_FONT_WEIGHT_ADJUSTMENT, android.content.pm.ActivityInfo.CONFIG_ASSETS_PATHS, android.content.pm.ActivityInfo.CONFIG_RESOURCES_UNUSED}" />
      <val name="flag" val="true" />
    </annotation>
  </item>
  <item name="android.graphics.drawable.Drawable void setColorFilter(int, android.graphics.PorterDuff.Mode) 0">
    <annotation name="androidx.annotation.ColorInt"/>
  </item>
  <item name="android.graphics.drawable.Drawable void setTint(int) 0">
    <annotation name="androidx.annotation.ColorInt"/>
  </item>
  <item name="android.graphics.drawable.Drawable.ConstantState int getChangingConfigurations()">
    <annotation name="androidx.annotation.IntDef">
      <val name="value" val="{android.content.pm.ActivityInfo.CONFIG_MCC, android.content.pm.ActivityInfo.CONFIG_MNC, android.content.pm.ActivityInfo.CONFIG_LOCALE, android.content.pm.ActivityInfo.CONFIG_TOUCHSCREEN, android.content.pm.ActivityInfo.CONFIG_KEYBOARD, android.content.pm.ActivityInfo.CONFIG_KEYBOARD_HIDDEN, android.content.pm.ActivityInfo.CONFIG_NAVIGATION, android.content.pm.ActivityInfo.CONFIG_ORIENTATION, android.content.pm.ActivityInfo.CONFIG_SCREEN_LAYOUT, android.content.pm.ActivityInfo.CONFIG_UI_MODE, android.content.pm.ActivityInfo.CONFIG_SCREEN_SIZE, android.content.pm.ActivityInfo.CONFIG_SMALLEST_SCREEN_SIZE, android.content.pm.ActivityInfo.CONFIG_DENSITY, android.content.pm.ActivityInfo.CONFIG_LAYOUT_DIRECTION, android.content.pm.ActivityInfo.CONFIG_COLOR_MODE, android.content.pm.ActivityInfo.CONFIG_FONT_SCALE, android.content.pm.ActivityInfo.CONFIG_GRAMMATICAL_GENDER, android.content.pm.ActivityInfo.CONFIG_FONT_WEIGHT_ADJUSTMENT, android.content.pm.ActivityInfo.CONFIG_ASSETS_PATHS, android.content.pm.ActivityInfo.CONFIG_RESOURCES_UNUSED}" />
      <val name="flag" val="true" />
    </annotation>
  </item>
  <item name="android.graphics.drawable.DrawableContainer boolean onLayoutDirectionChanged(int) 0">
    <annotation name="androidx.annotation.IntDef">
      <val name="value" val="{android.view.View.LAYOUT_DIRECTION_LTR, android.view.View.LAYOUT_DIRECTION_RTL}" />
    </annotation>
  </item>
  <item name="android.graphics.drawable.DrawableContainer int getChangingConfigurations()">
    <annotation name="androidx.annotation.IntDef">
      <val name="value" val="{android.content.pm.ActivityInfo.CONFIG_MCC, android.content.pm.ActivityInfo.CONFIG_MNC, android.content.pm.ActivityInfo.CONFIG_LOCALE, android.content.pm.ActivityInfo.CONFIG_TOUCHSCREEN, android.content.pm.ActivityInfo.CONFIG_KEYBOARD, android.content.pm.ActivityInfo.CONFIG_KEYBOARD_HIDDEN, android.content.pm.ActivityInfo.CONFIG_NAVIGATION, android.content.pm.ActivityInfo.CONFIG_ORIENTATION, android.content.pm.ActivityInfo.CONFIG_SCREEN_LAYOUT, android.content.pm.ActivityInfo.CONFIG_UI_MODE, android.content.pm.ActivityInfo.CONFIG_SCREEN_SIZE, android.content.pm.ActivityInfo.CONFIG_SMALLEST_SCREEN_SIZE, android.content.pm.ActivityInfo.CONFIG_DENSITY, android.content.pm.ActivityInfo.CONFIG_LAYOUT_DIRECTION, android.content.pm.ActivityInfo.CONFIG_COLOR_MODE, android.content.pm.ActivityInfo.CONFIG_FONT_SCALE, android.content.pm.ActivityInfo.CONFIG_GRAMMATICAL_GENDER, android.content.pm.ActivityInfo.CONFIG_FONT_WEIGHT_ADJUSTMENT, android.content.pm.ActivityInfo.CONFIG_ASSETS_PATHS, android.content.pm.ActivityInfo.CONFIG_RESOURCES_UNUSED}" />
      <val name="flag" val="true" />
    </annotation>
  </item>
  <item name="android.graphics.drawable.DrawableContainer.DrawableContainerState int getChangingConfigurations()">
    <annotation name="androidx.annotation.IntDef">
      <val name="value" val="{android.content.pm.ActivityInfo.CONFIG_MCC, android.content.pm.ActivityInfo.CONFIG_MNC, android.content.pm.ActivityInfo.CONFIG_LOCALE, android.content.pm.ActivityInfo.CONFIG_TOUCHSCREEN, android.content.pm.ActivityInfo.CONFIG_KEYBOARD, android.content.pm.ActivityInfo.CONFIG_KEYBOARD_HIDDEN, android.content.pm.ActivityInfo.CONFIG_NAVIGATION, android.content.pm.ActivityInfo.CONFIG_ORIENTATION, android.content.pm.ActivityInfo.CONFIG_SCREEN_LAYOUT, android.content.pm.ActivityInfo.CONFIG_UI_MODE, android.content.pm.ActivityInfo.CONFIG_SCREEN_SIZE, android.content.pm.ActivityInfo.CONFIG_SMALLEST_SCREEN_SIZE, android.content.pm.ActivityInfo.CONFIG_DENSITY, android.content.pm.ActivityInfo.CONFIG_LAYOUT_DIRECTION, android.content.pm.ActivityInfo.CONFIG_COLOR_MODE, android.content.pm.ActivityInfo.CONFIG_FONT_SCALE, android.content.pm.ActivityInfo.CONFIG_GRAMMATICAL_GENDER, android.content.pm.ActivityInfo.CONFIG_FONT_WEIGHT_ADJUSTMENT, android.content.pm.ActivityInfo.CONFIG_ASSETS_PATHS, android.content.pm.ActivityInfo.CONFIG_RESOURCES_UNUSED}" />
      <val name="flag" val="true" />
    </annotation>
  </item>
  <item name="android.graphics.drawable.DrawableWrapper boolean onLayoutDirectionChanged(int) 0">
    <annotation name="androidx.annotation.IntDef">
      <val name="value" val="{android.view.View.LAYOUT_DIRECTION_LTR, android.view.View.LAYOUT_DIRECTION_RTL}" />
    </annotation>
  </item>
  <item name="android.graphics.drawable.DrawableWrapper int getChangingConfigurations()">
    <annotation name="androidx.annotation.IntDef">
      <val name="value" val="{android.content.pm.ActivityInfo.CONFIG_MCC, android.content.pm.ActivityInfo.CONFIG_MNC, android.content.pm.ActivityInfo.CONFIG_LOCALE, android.content.pm.ActivityInfo.CONFIG_TOUCHSCREEN, android.content.pm.ActivityInfo.CONFIG_KEYBOARD, android.content.pm.ActivityInfo.CONFIG_KEYBOARD_HIDDEN, android.content.pm.ActivityInfo.CONFIG_NAVIGATION, android.content.pm.ActivityInfo.CONFIG_ORIENTATION, android.content.pm.ActivityInfo.CONFIG_SCREEN_LAYOUT, android.content.pm.ActivityInfo.CONFIG_UI_MODE, android.content.pm.ActivityInfo.CONFIG_SCREEN_SIZE, android.content.pm.ActivityInfo.CONFIG_SMALLEST_SCREEN_SIZE, android.content.pm.ActivityInfo.CONFIG_DENSITY, android.content.pm.ActivityInfo.CONFIG_LAYOUT_DIRECTION, android.content.pm.ActivityInfo.CONFIG_COLOR_MODE, android.content.pm.ActivityInfo.CONFIG_FONT_SCALE, android.content.pm.ActivityInfo.CONFIG_GRAMMATICAL_GENDER, android.content.pm.ActivityInfo.CONFIG_FONT_WEIGHT_ADJUSTMENT, android.content.pm.ActivityInfo.CONFIG_ASSETS_PATHS, android.content.pm.ActivityInfo.CONFIG_RESOURCES_UNUSED}" />
      <val name="flag" val="true" />
    </annotation>
  </item>
  <item name="android.graphics.drawable.GradientDrawable GradientDrawable(android.graphics.drawable.GradientDrawable.Orientation, int[]) 1">
    <annotation name="androidx.annotation.ColorInt"/>
  </item>
  <item name="android.graphics.drawable.GradientDrawable int getChangingConfigurations()">
    <annotation name="androidx.annotation.IntDef">
      <val name="value" val="{android.content.pm.ActivityInfo.CONFIG_MCC, android.content.pm.ActivityInfo.CONFIG_MNC, android.content.pm.ActivityInfo.CONFIG_LOCALE, android.content.pm.ActivityInfo.CONFIG_TOUCHSCREEN, android.content.pm.ActivityInfo.CONFIG_KEYBOARD, android.content.pm.ActivityInfo.CONFIG_KEYBOARD_HIDDEN, android.content.pm.ActivityInfo.CONFIG_NAVIGATION, android.content.pm.ActivityInfo.CONFIG_ORIENTATION, android.content.pm.ActivityInfo.CONFIG_SCREEN_LAYOUT, android.content.pm.ActivityInfo.CONFIG_UI_MODE, android.content.pm.ActivityInfo.CONFIG_SCREEN_SIZE, android.content.pm.ActivityInfo.CONFIG_SMALLEST_SCREEN_SIZE, android.content.pm.ActivityInfo.CONFIG_DENSITY, android.content.pm.ActivityInfo.CONFIG_LAYOUT_DIRECTION, android.content.pm.ActivityInfo.CONFIG_COLOR_MODE, android.content.pm.ActivityInfo.CONFIG_FONT_SCALE, android.content.pm.ActivityInfo.CONFIG_GRAMMATICAL_GENDER, android.content.pm.ActivityInfo.CONFIG_FONT_WEIGHT_ADJUSTMENT, android.content.pm.ActivityInfo.CONFIG_ASSETS_PATHS, android.content.pm.ActivityInfo.CONFIG_RESOURCES_UNUSED}" />
      <val name="flag" val="true" />
    </annotation>
  </item>
  <item name="android.graphics.drawable.GradientDrawable int getGradientType()">
    <annotation name="androidx.annotation.IntDef">
      <val name="value" val="{android.graphics.drawable.GradientDrawable.LINEAR_GRADIENT, android.graphics.drawable.GradientDrawable.RADIAL_GRADIENT, android.graphics.drawable.GradientDrawable.SWEEP_GRADIENT}" />
    </annotation>
  </item>
  <item name="android.graphics.drawable.GradientDrawable int getInnerRadius()">
    <annotation name="androidx.annotation.Px"/>
  </item>
  <item name="android.graphics.drawable.GradientDrawable int getShape()">
    <annotation name="androidx.annotation.IntDef">
      <val name="value" val="{android.graphics.drawable.GradientDrawable.RECTANGLE, android.graphics.drawable.GradientDrawable.OVAL, android.graphics.drawable.GradientDrawable.LINE, android.graphics.drawable.GradientDrawable.RING}" />
    </annotation>
  </item>
  <item name="android.graphics.drawable.GradientDrawable int getThickness()">
    <annotation name="androidx.annotation.Px"/>
  </item>
  <item name="android.graphics.drawable.GradientDrawable void setColor(int) 0">
    <annotation name="androidx.annotation.ColorInt"/>
  </item>
  <item name="android.graphics.drawable.GradientDrawable void setColors(int[]) 0">
    <annotation name="androidx.annotation.ColorInt"/>
  </item>
  <item name="android.graphics.drawable.GradientDrawable void setColors(int[], float[]) 0">
    <annotation name="androidx.annotation.ColorInt"/>
  </item>
  <item name="android.graphics.drawable.GradientDrawable void setGradientType(int) 0">
    <annotation name="androidx.annotation.IntDef">
      <val name="value" val="{android.graphics.drawable.GradientDrawable.LINEAR_GRADIENT, android.graphics.drawable.GradientDrawable.RADIAL_GRADIENT, android.graphics.drawable.GradientDrawable.SWEEP_GRADIENT}" />
    </annotation>
  </item>
  <item name="android.graphics.drawable.GradientDrawable void setInnerRadius(int) 0">
    <annotation name="androidx.annotation.Px"/>
  </item>
  <item name="android.graphics.drawable.GradientDrawable void setInnerRadiusRatio(float) 0">
    <annotation name="androidx.annotation.FloatRange">
      <val name="from" val="0.0" />
      <val name="fromInclusive" val="false" />
    </annotation>
  </item>
  <item name="android.graphics.drawable.GradientDrawable void setPadding(int, int, int, int) 0">
    <annotation name="androidx.annotation.Px"/>
  </item>
  <item name="android.graphics.drawable.GradientDrawable void setPadding(int, int, int, int) 1">
    <annotation name="androidx.annotation.Px"/>
  </item>
  <item name="android.graphics.drawable.GradientDrawable void setPadding(int, int, int, int) 2">
    <annotation name="androidx.annotation.Px"/>
  </item>
  <item name="android.graphics.drawable.GradientDrawable void setPadding(int, int, int, int) 3">
    <annotation name="androidx.annotation.Px"/>
  </item>
  <item name="android.graphics.drawable.GradientDrawable void setShape(int) 0">
    <annotation name="androidx.annotation.IntDef">
      <val name="value" val="{android.graphics.drawable.GradientDrawable.RECTANGLE, android.graphics.drawable.GradientDrawable.OVAL, android.graphics.drawable.GradientDrawable.LINE, android.graphics.drawable.GradientDrawable.RING}" />
    </annotation>
  </item>
  <item name="android.graphics.drawable.GradientDrawable void setStroke(int, int) 1">
    <annotation name="androidx.annotation.ColorInt"/>
  </item>
  <item name="android.graphics.drawable.GradientDrawable void setStroke(int, int, float, float) 1">
    <annotation name="androidx.annotation.ColorInt"/>
  </item>
  <item name="android.graphics.drawable.GradientDrawable void setThickness(int) 0">
    <annotation name="androidx.annotation.Px"/>
  </item>
  <item name="android.graphics.drawable.GradientDrawable void setThicknessRatio(float) 0">
    <annotation name="androidx.annotation.FloatRange">
      <val name="from" val="0.0" />
      <val name="fromInclusive" val="false" />
    </annotation>
  </item>
  <item name="android.graphics.drawable.Icon android.graphics.drawable.Icon createWithResource(android.content.Context, int) 1">
    <annotation name="androidx.annotation.DrawableRes"/>
  </item>
  <item name="android.graphics.drawable.Icon android.graphics.drawable.Icon createWithResource(java.lang.String, int) 1">
    <annotation name="androidx.annotation.DrawableRes"/>
  </item>
  <item name="android.graphics.drawable.Icon android.graphics.drawable.Icon setTint(int) 0">
    <annotation name="androidx.annotation.ColorInt"/>
  </item>
  <item name="android.graphics.drawable.Icon int getResId()">
    <annotation name="androidx.annotation.DrawableRes"/>
  </item>
  <item name="android.graphics.drawable.Icon int getType()">
    <annotation name="androidx.annotation.IntDef">
      <val name="value" val="{android.graphics.drawable.Icon.TYPE_BITMAP, android.graphics.drawable.Icon.TYPE_RESOURCE, android.graphics.drawable.Icon.TYPE_DATA, android.graphics.drawable.Icon.TYPE_URI, android.graphics.drawable.Icon.TYPE_ADAPTIVE_BITMAP, android.graphics.drawable.Icon.TYPE_URI_ADAPTIVE_BITMAP}" />
    </annotation>
  </item>
  <item name="android.graphics.drawable.LayerDrawable boolean onLayoutDirectionChanged(int) 0">
    <annotation name="androidx.annotation.IntDef">
      <val name="value" val="{android.view.View.LAYOUT_DIRECTION_LTR, android.view.View.LAYOUT_DIRECTION_RTL}" />
    </annotation>
  </item>
  <item name="android.graphics.drawable.LayerDrawable int getChangingConfigurations()">
    <annotation name="androidx.annotation.IntDef">
      <val name="value" val="{android.content.pm.ActivityInfo.CONFIG_MCC, android.content.pm.ActivityInfo.CONFIG_MNC, android.content.pm.ActivityInfo.CONFIG_LOCALE, android.content.pm.ActivityInfo.CONFIG_TOUCHSCREEN, android.content.pm.ActivityInfo.CONFIG_KEYBOARD, android.content.pm.ActivityInfo.CONFIG_KEYBOARD_HIDDEN, android.content.pm.ActivityInfo.CONFIG_NAVIGATION, android.content.pm.ActivityInfo.CONFIG_ORIENTATION, android.content.pm.ActivityInfo.CONFIG_SCREEN_LAYOUT, android.content.pm.ActivityInfo.CONFIG_UI_MODE, android.content.pm.ActivityInfo.CONFIG_SCREEN_SIZE, android.content.pm.ActivityInfo.CONFIG_SMALLEST_SCREEN_SIZE, android.content.pm.ActivityInfo.CONFIG_DENSITY, android.content.pm.ActivityInfo.CONFIG_LAYOUT_DIRECTION, android.content.pm.ActivityInfo.CONFIG_COLOR_MODE, android.content.pm.ActivityInfo.CONFIG_FONT_SCALE, android.content.pm.ActivityInfo.CONFIG_GRAMMATICAL_GENDER, android.content.pm.ActivityInfo.CONFIG_FONT_WEIGHT_ADJUSTMENT, android.content.pm.ActivityInfo.CONFIG_ASSETS_PATHS, android.content.pm.ActivityInfo.CONFIG_RESOURCES_UNUSED}" />
      <val name="flag" val="true" />
    </annotation>
  </item>
  <item name="android.graphics.drawable.NinePatchDrawable int getChangingConfigurations()">
    <annotation name="androidx.annotation.IntDef">
      <val name="value" val="{android.content.pm.ActivityInfo.CONFIG_MCC, android.content.pm.ActivityInfo.CONFIG_MNC, android.content.pm.ActivityInfo.CONFIG_LOCALE, android.content.pm.ActivityInfo.CONFIG_TOUCHSCREEN, android.content.pm.ActivityInfo.CONFIG_KEYBOARD, android.content.pm.ActivityInfo.CONFIG_KEYBOARD_HIDDEN, android.content.pm.ActivityInfo.CONFIG_NAVIGATION, android.content.pm.ActivityInfo.CONFIG_ORIENTATION, android.content.pm.ActivityInfo.CONFIG_SCREEN_LAYOUT, android.content.pm.ActivityInfo.CONFIG_UI_MODE, android.content.pm.ActivityInfo.CONFIG_SCREEN_SIZE, android.content.pm.ActivityInfo.CONFIG_SMALLEST_SCREEN_SIZE, android.content.pm.ActivityInfo.CONFIG_DENSITY, android.content.pm.ActivityInfo.CONFIG_LAYOUT_DIRECTION, android.content.pm.ActivityInfo.CONFIG_COLOR_MODE, android.content.pm.ActivityInfo.CONFIG_FONT_SCALE, android.content.pm.ActivityInfo.CONFIG_GRAMMATICAL_GENDER, android.content.pm.ActivityInfo.CONFIG_FONT_WEIGHT_ADJUSTMENT, android.content.pm.ActivityInfo.CONFIG_ASSETS_PATHS, android.content.pm.ActivityInfo.CONFIG_RESOURCES_UNUSED}" />
      <val name="flag" val="true" />
    </annotation>
  </item>
  <item name="android.graphics.drawable.ShapeDrawable int getChangingConfigurations()">
    <annotation name="androidx.annotation.IntDef">
      <val name="value" val="{android.content.pm.ActivityInfo.CONFIG_MCC, android.content.pm.ActivityInfo.CONFIG_MNC, android.content.pm.ActivityInfo.CONFIG_LOCALE, android.content.pm.ActivityInfo.CONFIG_TOUCHSCREEN, android.content.pm.ActivityInfo.CONFIG_KEYBOARD, android.content.pm.ActivityInfo.CONFIG_KEYBOARD_HIDDEN, android.content.pm.ActivityInfo.CONFIG_NAVIGATION, android.content.pm.ActivityInfo.CONFIG_ORIENTATION, android.content.pm.ActivityInfo.CONFIG_SCREEN_LAYOUT, android.content.pm.ActivityInfo.CONFIG_UI_MODE, android.content.pm.ActivityInfo.CONFIG_SCREEN_SIZE, android.content.pm.ActivityInfo.CONFIG_SMALLEST_SCREEN_SIZE, android.content.pm.ActivityInfo.CONFIG_DENSITY, android.content.pm.ActivityInfo.CONFIG_LAYOUT_DIRECTION, android.content.pm.ActivityInfo.CONFIG_COLOR_MODE, android.content.pm.ActivityInfo.CONFIG_FONT_SCALE, android.content.pm.ActivityInfo.CONFIG_GRAMMATICAL_GENDER, android.content.pm.ActivityInfo.CONFIG_FONT_WEIGHT_ADJUSTMENT, android.content.pm.ActivityInfo.CONFIG_ASSETS_PATHS, android.content.pm.ActivityInfo.CONFIG_RESOURCES_UNUSED}" />
      <val name="flag" val="true" />
    </annotation>
  </item>
  <item name="android.graphics.drawable.VectorDrawable int getChangingConfigurations()">
    <annotation name="androidx.annotation.IntDef">
      <val name="value" val="{android.content.pm.ActivityInfo.CONFIG_MCC, android.content.pm.ActivityInfo.CONFIG_MNC, android.content.pm.ActivityInfo.CONFIG_LOCALE, android.content.pm.ActivityInfo.CONFIG_TOUCHSCREEN, android.content.pm.ActivityInfo.CONFIG_KEYBOARD, android.content.pm.ActivityInfo.CONFIG_KEYBOARD_HIDDEN, android.content.pm.ActivityInfo.CONFIG_NAVIGATION, android.content.pm.ActivityInfo.CONFIG_ORIENTATION, android.content.pm.ActivityInfo.CONFIG_SCREEN_LAYOUT, android.content.pm.ActivityInfo.CONFIG_UI_MODE, android.content.pm.ActivityInfo.CONFIG_SCREEN_SIZE, android.content.pm.ActivityInfo.CONFIG_SMALLEST_SCREEN_SIZE, android.content.pm.ActivityInfo.CONFIG_DENSITY, android.content.pm.ActivityInfo.CONFIG_LAYOUT_DIRECTION, android.content.pm.ActivityInfo.CONFIG_COLOR_MODE, android.content.pm.ActivityInfo.CONFIG_FONT_SCALE, android.content.pm.ActivityInfo.CONFIG_GRAMMATICAL_GENDER, android.content.pm.ActivityInfo.CONFIG_FONT_WEIGHT_ADJUSTMENT, android.content.pm.ActivityInfo.CONFIG_ASSETS_PATHS, android.content.pm.ActivityInfo.CONFIG_RESOURCES_UNUSED}" />
      <val name="flag" val="true" />
    </annotation>
  </item>
</root>

