<?xml version="1.0" encoding="UTF-8"?>
<root>
  <item name="android.telephony.data.ApnSetting int getApnTypeBitmask()">
    <annotation name="androidx.annotation.IntDef">
      <val name="value" val="{android.telephony.data.ApnSetting.TYPE_DEFAULT, android.telephony.data.ApnSetting.TYPE_MMS, android.telephony.data.ApnSetting.TYPE_SUPL, android.telephony.data.ApnSetting.TYPE_DUN, android.telephony.data.ApnSetting.TYPE_HIPRI, android.telephony.data.ApnSetting.TYPE_FOTA, android.telephony.data.ApnSetting.TYPE_IMS, android.telephony.data.ApnSetting.TYPE_CBS, android.telephony.data.ApnSetting.TYPE_IA, android.telephony.data.ApnSetting.TYPE_EMERGENCY, android.telephony.data.ApnSetting.TYPE_MCX, android.telephony.data.ApnSetting.TYPE_XCAP, android.telephony.data.ApnSetting.TYPE_BIP, android.telephony.data.ApnSetting.TYPE_VSIM, android.telephony.data.ApnSetting.TYPE_ENTERPRISE, android.telephony.data.ApnSetting.TYPE_RCS, android.telephony.data.ApnSetting.TYPE_OEM_PAID, android.telephony.data.ApnSetting.TYPE_OEM_PRIVATE}" />
      <val name="flag" val="true" />
    </annotation>
  </item>
  <item name="android.telephony.data.ApnSetting int getAuthType()">
    <annotation name="androidx.annotation.IntDef">
      <val name="value" val="{android.telephony.data.ApnSetting.AUTH_TYPE_NONE, android.telephony.data.ApnSetting.AUTH_TYPE_PAP, android.telephony.data.ApnSetting.AUTH_TYPE_CHAP, android.telephony.data.ApnSetting.AUTH_TYPE_PAP_OR_CHAP}" />
    </annotation>
  </item>
  <item name="android.telephony.data.ApnSetting int getMvnoType()">
    <annotation name="androidx.annotation.IntDef">
      <val name="value" val="{android.telephony.data.ApnSetting.MVNO_TYPE_SPN, android.telephony.data.ApnSetting.MVNO_TYPE_IMSI, android.telephony.data.ApnSetting.MVNO_TYPE_GID, android.telephony.data.ApnSetting.MVNO_TYPE_ICCID}" />
    </annotation>
  </item>
  <item name="android.telephony.data.ApnSetting int getProtocol()">
    <annotation name="androidx.annotation.IntDef">
      <val name="value" val="{android.telephony.data.ApnSetting.PROTOCOL_IP, android.telephony.data.ApnSetting.PROTOCOL_IPV6, android.telephony.data.ApnSetting.PROTOCOL_IPV4V6, android.telephony.data.ApnSetting.PROTOCOL_PPP, android.telephony.data.ApnSetting.PROTOCOL_NON_IP, android.telephony.data.ApnSetting.PROTOCOL_UNSTRUCTURED}" />
    </annotation>
  </item>
  <item name="android.telephony.data.ApnSetting int getRoamingProtocol()">
    <annotation name="androidx.annotation.IntDef">
      <val name="value" val="{android.telephony.data.ApnSetting.PROTOCOL_IP, android.telephony.data.ApnSetting.PROTOCOL_IPV6, android.telephony.data.ApnSetting.PROTOCOL_IPV4V6, android.telephony.data.ApnSetting.PROTOCOL_PPP, android.telephony.data.ApnSetting.PROTOCOL_NON_IP, android.telephony.data.ApnSetting.PROTOCOL_UNSTRUCTURED}" />
    </annotation>
  </item>
  <item name="android.telephony.data.ApnSetting.Builder android.telephony.data.ApnSetting.Builder setApnTypeBitmask(int) 0">
    <annotation name="androidx.annotation.IntDef">
      <val name="value" val="{android.telephony.data.ApnSetting.TYPE_DEFAULT, android.telephony.data.ApnSetting.TYPE_MMS, android.telephony.data.ApnSetting.TYPE_SUPL, android.telephony.data.ApnSetting.TYPE_DUN, android.telephony.data.ApnSetting.TYPE_HIPRI, android.telephony.data.ApnSetting.TYPE_FOTA, android.telephony.data.ApnSetting.TYPE_IMS, android.telephony.data.ApnSetting.TYPE_CBS, android.telephony.data.ApnSetting.TYPE_IA, android.telephony.data.ApnSetting.TYPE_EMERGENCY, android.telephony.data.ApnSetting.TYPE_MCX, android.telephony.data.ApnSetting.TYPE_XCAP, android.telephony.data.ApnSetting.TYPE_BIP, android.telephony.data.ApnSetting.TYPE_VSIM, android.telephony.data.ApnSetting.TYPE_ENTERPRISE, android.telephony.data.ApnSetting.TYPE_RCS, android.telephony.data.ApnSetting.TYPE_OEM_PAID, android.telephony.data.ApnSetting.TYPE_OEM_PRIVATE}" />
      <val name="flag" val="true" />
    </annotation>
  </item>
  <item name="android.telephony.data.ApnSetting.Builder android.telephony.data.ApnSetting.Builder setAuthType(int) 0">
    <annotation name="androidx.annotation.IntDef">
      <val name="value" val="{android.telephony.data.ApnSetting.AUTH_TYPE_NONE, android.telephony.data.ApnSetting.AUTH_TYPE_PAP, android.telephony.data.ApnSetting.AUTH_TYPE_CHAP, android.telephony.data.ApnSetting.AUTH_TYPE_PAP_OR_CHAP}" />
    </annotation>
  </item>
  <item name="android.telephony.data.ApnSetting.Builder android.telephony.data.ApnSetting.Builder setMvnoType(int) 0">
    <annotation name="androidx.annotation.IntDef">
      <val name="value" val="{android.telephony.data.ApnSetting.MVNO_TYPE_SPN, android.telephony.data.ApnSetting.MVNO_TYPE_IMSI, android.telephony.data.ApnSetting.MVNO_TYPE_GID, android.telephony.data.ApnSetting.MVNO_TYPE_ICCID}" />
    </annotation>
  </item>
  <item name="android.telephony.data.ApnSetting.Builder android.telephony.data.ApnSetting.Builder setProtocol(int) 0">
    <annotation name="androidx.annotation.IntDef">
      <val name="value" val="{android.telephony.data.ApnSetting.PROTOCOL_IP, android.telephony.data.ApnSetting.PROTOCOL_IPV6, android.telephony.data.ApnSetting.PROTOCOL_IPV4V6, android.telephony.data.ApnSetting.PROTOCOL_PPP, android.telephony.data.ApnSetting.PROTOCOL_NON_IP, android.telephony.data.ApnSetting.PROTOCOL_UNSTRUCTURED}" />
    </annotation>
  </item>
  <item name="android.telephony.data.ApnSetting.Builder android.telephony.data.ApnSetting.Builder setRoamingProtocol(int) 0">
    <annotation name="androidx.annotation.IntDef">
      <val name="value" val="{android.telephony.data.ApnSetting.PROTOCOL_IP, android.telephony.data.ApnSetting.PROTOCOL_IPV6, android.telephony.data.ApnSetting.PROTOCOL_IPV4V6, android.telephony.data.ApnSetting.PROTOCOL_PPP, android.telephony.data.ApnSetting.PROTOCOL_NON_IP, android.telephony.data.ApnSetting.PROTOCOL_UNSTRUCTURED}" />
    </annotation>
  </item>
  <item name="android.telephony.data.NetworkSliceInfo int getMappedHplmnSliceDifferentiator()">
    <annotation name="androidx.annotation.IntRange">
      <val name="from" val="-1" />
      <val name="to" val="16777214" />
    </annotation>
  </item>
  <item name="android.telephony.data.NetworkSliceInfo int getMappedHplmnSliceServiceType()">
    <annotation name="androidx.annotation.IntDef">
      <val name="value" val="{android.telephony.data.NetworkSliceInfo.SLICE_SERVICE_TYPE_NONE, android.telephony.data.NetworkSliceInfo.SLICE_SERVICE_TYPE_EMBB, android.telephony.data.NetworkSliceInfo.SLICE_SERVICE_TYPE_URLLC, android.telephony.data.NetworkSliceInfo.SLICE_SERVICE_TYPE_MIOT}" />
    </annotation>
  </item>
  <item name="android.telephony.data.NetworkSliceInfo int getSliceDifferentiator()">
    <annotation name="androidx.annotation.IntRange">
      <val name="from" val="-1" />
      <val name="to" val="16777214" />
    </annotation>
  </item>
  <item name="android.telephony.data.NetworkSliceInfo int getSliceServiceType()">
    <annotation name="androidx.annotation.IntDef">
      <val name="value" val="{android.telephony.data.NetworkSliceInfo.SLICE_SERVICE_TYPE_NONE, android.telephony.data.NetworkSliceInfo.SLICE_SERVICE_TYPE_EMBB, android.telephony.data.NetworkSliceInfo.SLICE_SERVICE_TYPE_URLLC, android.telephony.data.NetworkSliceInfo.SLICE_SERVICE_TYPE_MIOT}" />
    </annotation>
  </item>
  <item name="android.telephony.data.NetworkSliceInfo int getStatus()">
    <annotation name="androidx.annotation.IntDef">
      <val name="value" val="{android.telephony.data.NetworkSliceInfo.SLICE_STATUS_UNKNOWN, android.telephony.data.NetworkSliceInfo.SLICE_STATUS_CONFIGURED, android.telephony.data.NetworkSliceInfo.SLICE_STATUS_ALLOWED, android.telephony.data.NetworkSliceInfo.SLICE_STATUS_REJECTED_NOT_AVAILABLE_IN_PLMN, android.telephony.data.NetworkSliceInfo.SLICE_STATUS_REJECTED_NOT_AVAILABLE_IN_REGISTERED_AREA, android.telephony.data.NetworkSliceInfo.SLICE_STATUS_DEFAULT_CONFIGURED}" />
    </annotation>
  </item>
  <item name="android.telephony.data.NetworkSliceInfo.Builder android.telephony.data.NetworkSliceInfo.Builder setMappedHplmnSliceDifferentiator(int) 0">
    <annotation name="androidx.annotation.IntRange">
      <val name="from" val="-1" />
      <val name="to" val="16777214" />
    </annotation>
  </item>
  <item name="android.telephony.data.NetworkSliceInfo.Builder android.telephony.data.NetworkSliceInfo.Builder setMappedHplmnSliceServiceType(int) 0">
    <annotation name="androidx.annotation.IntDef">
      <val name="value" val="{android.telephony.data.NetworkSliceInfo.SLICE_SERVICE_TYPE_NONE, android.telephony.data.NetworkSliceInfo.SLICE_SERVICE_TYPE_EMBB, android.telephony.data.NetworkSliceInfo.SLICE_SERVICE_TYPE_URLLC, android.telephony.data.NetworkSliceInfo.SLICE_SERVICE_TYPE_MIOT}" />
    </annotation>
  </item>
  <item name="android.telephony.data.NetworkSliceInfo.Builder android.telephony.data.NetworkSliceInfo.Builder setSliceDifferentiator(int) 0">
    <annotation name="androidx.annotation.IntRange">
      <val name="from" val="-1" />
      <val name="to" val="16777214" />
    </annotation>
  </item>
  <item name="android.telephony.data.NetworkSliceInfo.Builder android.telephony.data.NetworkSliceInfo.Builder setSliceServiceType(int) 0">
    <annotation name="androidx.annotation.IntDef">
      <val name="value" val="{android.telephony.data.NetworkSliceInfo.SLICE_SERVICE_TYPE_NONE, android.telephony.data.NetworkSliceInfo.SLICE_SERVICE_TYPE_EMBB, android.telephony.data.NetworkSliceInfo.SLICE_SERVICE_TYPE_URLLC, android.telephony.data.NetworkSliceInfo.SLICE_SERVICE_TYPE_MIOT}" />
    </annotation>
  </item>
  <item name="android.telephony.data.NetworkSliceInfo.Builder android.telephony.data.NetworkSliceInfo.Builder setStatus(int) 0">
    <annotation name="androidx.annotation.IntDef">
      <val name="value" val="{android.telephony.data.NetworkSliceInfo.SLICE_STATUS_UNKNOWN, android.telephony.data.NetworkSliceInfo.SLICE_STATUS_CONFIGURED, android.telephony.data.NetworkSliceInfo.SLICE_STATUS_ALLOWED, android.telephony.data.NetworkSliceInfo.SLICE_STATUS_REJECTED_NOT_AVAILABLE_IN_PLMN, android.telephony.data.NetworkSliceInfo.SLICE_STATUS_REJECTED_NOT_AVAILABLE_IN_REGISTERED_AREA, android.telephony.data.NetworkSliceInfo.SLICE_STATUS_DEFAULT_CONFIGURED}" />
    </annotation>
  </item>
  <item name="android.telephony.data.RouteSelectionDescriptor int getPrecedence()">
    <annotation name="androidx.annotation.IntRange">
      <val name="from" val="0" />
      <val name="to" val="255" />
    </annotation>
  </item>
  <item name="android.telephony.data.RouteSelectionDescriptor int getSessionType()">
    <annotation name="androidx.annotation.IntDef">
      <val name="value" val="{android.telephony.data.RouteSelectionDescriptor.SESSION_TYPE_IPV4, android.telephony.data.RouteSelectionDescriptor.SESSION_TYPE_IPV6, android.telephony.data.RouteSelectionDescriptor.SESSION_TYPE_IPV4V6}" />
    </annotation>
  </item>
  <item name="android.telephony.data.RouteSelectionDescriptor int getSscMode()">
    <annotation name="androidx.annotation.IntDef">
      <val name="value" val="{android.telephony.data.RouteSelectionDescriptor.ROUTE_SSC_MODE_1, android.telephony.data.RouteSelectionDescriptor.ROUTE_SSC_MODE_2, android.telephony.data.RouteSelectionDescriptor.ROUTE_SSC_MODE_3}" />
    </annotation>
  </item>
  <item name="android.telephony.data.UrspRule int getPrecedence()">
    <annotation name="androidx.annotation.IntRange">
      <val name="from" val="0" />
      <val name="to" val="255" />
    </annotation>
  </item>
</root>

