<?xml version="1.0" encoding="UTF-8"?>
<root>
  <item name="android.companion.AssociationRequest DEVICE_PROFILE_APP_STREAMING">
    <annotation name="androidx.annotation.RequiresPermission">
      <val name="value" val="&quot;android.permission.REQUEST_COMPANION_PROFILE_APP_STREAMING&quot;" />
    </annotation>
  </item>
  <item name="android.companion.AssociationRequest DEVICE_PROFILE_AUTOMOTIVE_PROJECTION">
    <annotation name="androidx.annotation.RequiresPermission">
      <val name="value" val="&quot;android.permission.REQUEST_COMPANION_PROFILE_AUTOMOTIVE_PROJECTION&quot;" />
    </annotation>
  </item>
  <item name="android.companion.AssociationRequest DEVICE_PROFILE_COMPUTER">
    <annotation name="androidx.annotation.RequiresPermission">
      <val name="value" val="&quot;android.permission.REQUEST_COMPANION_PROFILE_COMPUTER&quot;" />
    </annotation>
  </item>
  <item name="android.companion.AssociationRequest DEVICE_PROFILE_GLASSES">
    <annotation name="androidx.annotation.RequiresPermission">
      <val name="value" val="&quot;android.permission.REQUEST_COMPANION_PROFILE_GLASSES&quot;" />
    </annotation>
  </item>
  <item name="android.companion.AssociationRequest DEVICE_PROFILE_NEARBY_DEVICE_STREAMING">
    <annotation name="androidx.annotation.RequiresPermission">
      <val name="value" val="&quot;android.permission.REQUEST_COMPANION_PROFILE_NEARBY_DEVICE_STREAMING&quot;" />
    </annotation>
  </item>
  <item name="android.companion.AssociationRequest java.lang.String getDeviceProfile()">
    <annotation name="androidx.annotation.StringDef">
      <val name="value" val="{android.companion.AssociationRequest.DEVICE_PROFILE_WATCH, android.companion.AssociationRequest.DEVICE_PROFILE_COMPUTER, android.companion.AssociationRequest.DEVICE_PROFILE_AUTOMOTIVE_PROJECTION, android.companion.AssociationRequest.DEVICE_PROFILE_APP_STREAMING, android.companion.AssociationRequest.DEVICE_PROFILE_GLASSES, android.companion.AssociationRequest.DEVICE_PROFILE_NEARBY_DEVICE_STREAMING}" />
    </annotation>
  </item>
  <item name="android.companion.AssociationRequest.Builder android.companion.AssociationRequest.Builder setDeviceProfile(java.lang.String) 0">
    <annotation name="androidx.annotation.StringDef">
      <val name="value" val="{android.companion.AssociationRequest.DEVICE_PROFILE_WATCH, android.companion.AssociationRequest.DEVICE_PROFILE_COMPUTER, android.companion.AssociationRequest.DEVICE_PROFILE_AUTOMOTIVE_PROJECTION, android.companion.AssociationRequest.DEVICE_PROFILE_APP_STREAMING, android.companion.AssociationRequest.DEVICE_PROFILE_GLASSES, android.companion.AssociationRequest.DEVICE_PROFILE_NEARBY_DEVICE_STREAMING}" />
    </annotation>
  </item>
  <item name="android.companion.AssociationRequest.Builder android.companion.AssociationRequest.Builder setForceConfirmation(boolean)">
    <annotation name="androidx.annotation.RequiresPermission">
      <val name="value" val="&quot;android.permission.REQUEST_COMPANION_SELF_MANAGED&quot;" />
    </annotation>
  </item>
  <item name="android.companion.AssociationRequest.Builder android.companion.AssociationRequest.Builder setSelfManaged(boolean)">
    <annotation name="androidx.annotation.RequiresPermission">
      <val name="value" val="&quot;android.permission.REQUEST_COMPANION_SELF_MANAGED&quot;" />
    </annotation>
  </item>
  <item name="android.companion.CompanionDeviceManager boolean removeBond(int)">
    <annotation name="androidx.annotation.RequiresPermission">
      <val name="value" val="&quot;android.permission.BLUETOOTH_CONNECT&quot;" />
    </annotation>
  </item>
  <item name="android.companion.CompanionDeviceManager void associate(android.companion.AssociationRequest, android.companion.CompanionDeviceManager.Callback, android.os.Handler)">
    <annotation name="androidx.annotation.RequiresPermission">
      <val name="anyOf" val="{&quot;android.permission.REQUEST_COMPANION_PROFILE_WATCH&quot;, &quot;android.permission.REQUEST_COMPANION_PROFILE_COMPUTER&quot;, &quot;android.permission.REQUEST_COMPANION_PROFILE_APP_STREAMING&quot;, &quot;android.permission.REQUEST_COMPANION_PROFILE_AUTOMOTIVE_PROJECTION&quot;}" />
      <val name="conditional" val="true" />
    </annotation>
  </item>
  <item name="android.companion.CompanionDeviceManager void associate(android.companion.AssociationRequest, java.util.concurrent.Executor, android.companion.CompanionDeviceManager.Callback)">
    <annotation name="androidx.annotation.RequiresPermission">
      <val name="anyOf" val="{&quot;android.permission.REQUEST_COMPANION_PROFILE_WATCH&quot;, &quot;android.permission.REQUEST_COMPANION_PROFILE_COMPUTER&quot;, &quot;android.permission.REQUEST_COMPANION_PROFILE_APP_STREAMING&quot;, &quot;android.permission.REQUEST_COMPANION_PROFILE_AUTOMOTIVE_PROJECTION&quot;}" />
      <val name="conditional" val="true" />
    </annotation>
  </item>
  <item name="android.companion.CompanionDeviceManager void attachSystemDataTransport(int, java.io.InputStream, java.io.OutputStream)">
    <annotation name="androidx.annotation.RequiresPermission">
      <val name="value" val="&quot;android.permission.DELIVER_COMPANION_MESSAGES&quot;" />
    </annotation>
  </item>
  <item name="android.companion.CompanionDeviceManager void detachSystemDataTransport(int)">
    <annotation name="androidx.annotation.RequiresPermission">
      <val name="value" val="&quot;android.permission.DELIVER_COMPANION_MESSAGES&quot;" />
    </annotation>
  </item>
  <item name="android.companion.CompanionDeviceManager void disableSystemDataSyncForTypes(int, int) 1">
    <annotation name="androidx.annotation.IntDef">
      <val name="value" val="{android.companion.CompanionDeviceManager.FLAG_CALL_METADATA}" />
      <val name="flag" val="true" />
    </annotation>
  </item>
  <item name="android.companion.CompanionDeviceManager void enableSystemDataSyncForTypes(int, int) 1">
    <annotation name="androidx.annotation.IntDef">
      <val name="value" val="{android.companion.CompanionDeviceManager.FLAG_CALL_METADATA}" />
      <val name="flag" val="true" />
    </annotation>
  </item>
  <item name="android.companion.CompanionDeviceManager void startObservingDevicePresence(android.companion.ObservingDevicePresenceRequest)">
    <annotation name="androidx.annotation.RequiresPermission">
      <val name="value" val="&quot;android.permission.REQUEST_OBSERVE_COMPANION_DEVICE_PRESENCE&quot;" />
    </annotation>
  </item>
  <item name="android.companion.CompanionDeviceManager void startObservingDevicePresence(java.lang.String)">
    <annotation name="androidx.annotation.RequiresPermission">
      <val name="value" val="&quot;android.permission.REQUEST_OBSERVE_COMPANION_DEVICE_PRESENCE&quot;" />
    </annotation>
  </item>
  <item name="android.companion.CompanionDeviceManager void stopObservingDevicePresence(android.companion.ObservingDevicePresenceRequest)">
    <annotation name="androidx.annotation.RequiresPermission">
      <val name="value" val="&quot;android.permission.REQUEST_OBSERVE_COMPANION_DEVICE_PRESENCE&quot;" />
    </annotation>
  </item>
  <item name="android.companion.CompanionDeviceManager void stopObservingDevicePresence(java.lang.String)">
    <annotation name="androidx.annotation.RequiresPermission">
      <val name="value" val="&quot;android.permission.REQUEST_OBSERVE_COMPANION_DEVICE_PRESENCE&quot;" />
    </annotation>
  </item>
  <item name="android.companion.CompanionDeviceManager.Callback void onFailure(int, java.lang.CharSequence) 0">
    <annotation name="androidx.annotation.IntDef">
      <val name="value" val="{android.companion.CompanionDeviceManager.RESULT_OK, android.companion.CompanionDeviceManager.RESULT_CANCELED, android.companion.CompanionDeviceManager.RESULT_USER_REJECTED, android.companion.CompanionDeviceManager.RESULT_DISCOVERY_TIMEOUT, android.companion.CompanionDeviceManager.RESULT_INTERNAL_ERROR}" />
    </annotation>
  </item>
  <item name="android.companion.CompanionDeviceService void attachSystemDataTransport(int, java.io.InputStream, java.io.OutputStream)">
    <annotation name="androidx.annotation.RequiresPermission">
      <val name="value" val="&quot;android.permission.DELIVER_COMPANION_MESSAGES&quot;" />
    </annotation>
  </item>
  <item name="android.companion.CompanionDeviceService void detachSystemDataTransport(int)">
    <annotation name="androidx.annotation.RequiresPermission">
      <val name="value" val="&quot;android.permission.DELIVER_COMPANION_MESSAGES&quot;" />
    </annotation>
  </item>
  <item name="android.companion.CompanionDeviceService void onDeviceAppeared(android.companion.AssociationInfo)">
    <annotation name="androidx.annotation.MainThread"/>
  </item>
  <item name="android.companion.CompanionDeviceService void onDeviceAppeared(java.lang.String)">
    <annotation name="androidx.annotation.MainThread"/>
  </item>
  <item name="android.companion.CompanionDeviceService void onDeviceDisappeared(android.companion.AssociationInfo)">
    <annotation name="androidx.annotation.MainThread"/>
  </item>
  <item name="android.companion.CompanionDeviceService void onDeviceDisappeared(java.lang.String)">
    <annotation name="androidx.annotation.MainThread"/>
  </item>
  <item name="android.companion.CompanionDeviceService void onDevicePresenceEvent(android.companion.DevicePresenceEvent)">
    <annotation name="androidx.annotation.MainThread"/>
  </item>
  <item name="android.companion.DevicePresenceEvent DevicePresenceEvent(int, int, android.os.ParcelUuid) 1">
    <annotation name="androidx.annotation.IntDef">
      <val name="value" val="{android.companion.DevicePresenceEvent.EVENT_BLE_APPEARED, android.companion.DevicePresenceEvent.EVENT_BLE_DISAPPEARED, android.companion.DevicePresenceEvent.EVENT_BT_CONNECTED, android.companion.DevicePresenceEvent.EVENT_BT_DISCONNECTED, android.companion.DevicePresenceEvent.EVENT_SELF_MANAGED_APPEARED, android.companion.DevicePresenceEvent.EVENT_SELF_MANAGED_DISAPPEARED}" />
    </annotation>
  </item>
  <item name="android.companion.ObservingDevicePresenceRequest.Builder android.companion.ObservingDevicePresenceRequest.Builder setUuid(android.os.ParcelUuid)">
    <annotation name="androidx.annotation.RequiresPermission">
      <val name="allOf" val="{&quot;android.permission.REQUEST_OBSERVE_DEVICE_UUID_PRESENCE&quot;, &quot;android.permission.BLUETOOTH_CONNECT&quot;, &quot;android.permission.BLUETOOTH_SCAN&quot;}" />
    </annotation>
  </item>
</root>

