<?xml version="1.0" encoding="UTF-8"?>
<root>
  <item name="android.media.tv.ad.TvAdService.Session void layoutSurface(int, int, int, int)">
    <annotation name="androidx.annotation.CallSuper"/>
  </item>
  <item name="android.media.tv.ad.TvAdService.Session void notifySessionStateChanged(int, int)">
    <annotation name="androidx.annotation.CallSuper"/>
  </item>
  <item name="android.media.tv.ad.TvAdService.Session void notifySessionStateChanged(int, int) 0">
    <annotation name="androidx.annotation.IntDef">
      <val name="value" val="{android.media.tv.ad.TvAdManager.SESSION_STATE_STOPPED, android.media.tv.ad.TvAdManager.SESSION_STATE_RUNNING, android.media.tv.ad.TvAdManager.SESSION_STATE_ERROR}" />
      <val name="flag" val="false" />
    </annotation>
  </item>
  <item name="android.media.tv.ad.TvAdService.Session void notifySessionStateChanged(int, int) 1">
    <annotation name="androidx.annotation.IntDef">
      <val name="value" val="{android.media.tv.ad.TvAdManager.ERROR_NONE, android.media.tv.ad.TvAdManager.ERROR_UNKNOWN, android.media.tv.ad.TvAdManager.ERROR_NOT_SUPPORTED, android.media.tv.ad.TvAdManager.ERROR_WEAK_SIGNAL, android.media.tv.ad.TvAdManager.ERROR_RESOURCE_UNAVAILABLE, android.media.tv.ad.TvAdManager.ERROR_BLOCKED, android.media.tv.ad.TvAdManager.ERROR_ENCRYPTED, android.media.tv.ad.TvAdManager.ERROR_UNKNOWN_CHANNEL}" />
      <val name="flag" val="false" />
    </annotation>
  </item>
  <item name="android.media.tv.ad.TvAdService.Session void onMediaViewSizeChanged(int, int) 0">
    <annotation name="androidx.annotation.Px"/>
  </item>
  <item name="android.media.tv.ad.TvAdService.Session void onMediaViewSizeChanged(int, int) 1">
    <annotation name="androidx.annotation.Px"/>
  </item>
  <item name="android.media.tv.ad.TvAdService.Session void onSurfaceChanged(int, int, int) 0">
    <annotation name="androidx.annotation.IntDef">
      <val name="value" val="{android.graphics.PixelFormat.RGBA_8888, android.graphics.PixelFormat.RGBX_8888, android.graphics.PixelFormat.RGBA_F16, android.graphics.PixelFormat.RGBA_1010102, android.graphics.PixelFormat.RGB_888, android.graphics.PixelFormat.RGB_565}" />
    </annotation>
  </item>
  <item name="android.media.tv.ad.TvAdService.Session void onTvInputSessionData(java.lang.String, android.os.Bundle) 0">
    <annotation name="androidx.annotation.StringDef">
      <val name="value" val="{android.media.tv.TvInputManager.SESSION_DATA_TYPE_TUNED, android.media.tv.TvInputManager.SESSION_DATA_TYPE_TRACK_SELECTED, android.media.tv.TvInputManager.SESSION_DATA_TYPE_TRACKS_CHANGED, android.media.tv.TvInputManager.SESSION_DATA_TYPE_VIDEO_AVAILABLE, android.media.tv.TvInputManager.SESSION_DATA_TYPE_VIDEO_UNAVAILABLE, android.media.tv.TvInputManager.SESSION_DATA_TYPE_BROADCAST_INFO_RESPONSE, android.media.tv.TvInputManager.SESSION_DATA_TYPE_AD_RESPONSE, android.media.tv.TvInputManager.SESSION_DATA_TYPE_AD_BUFFER_CONSUMED, android.media.tv.TvInputManager.SESSION_DATA_TYPE_TV_MESSAGE}" />
    </annotation>
  </item>
  <item name="android.media.tv.ad.TvAdService.Session void onTvMessage(int, android.os.Bundle) 0">
    <annotation name="androidx.annotation.IntDef">
      <val name="value" val="{android.media.tv.TvInputManager.TV_MESSAGE_TYPE_WATERMARK, android.media.tv.TvInputManager.TV_MESSAGE_TYPE_CLOSED_CAPTION, android.media.tv.TvInputManager.TV_MESSAGE_TYPE_OTHER}" />
    </annotation>
  </item>
  <item name="android.media.tv.ad.TvAdService.Session void requestCurrentChannelUri()">
    <annotation name="androidx.annotation.CallSuper"/>
  </item>
  <item name="android.media.tv.ad.TvAdService.Session void requestCurrentTvInputId()">
    <annotation name="androidx.annotation.CallSuper"/>
  </item>
  <item name="android.media.tv.ad.TvAdService.Session void requestCurrentVideoBounds()">
    <annotation name="androidx.annotation.CallSuper"/>
  </item>
  <item name="android.media.tv.ad.TvAdService.Session void requestSigning(java.lang.String, java.lang.String, java.lang.String, byte[])">
    <annotation name="androidx.annotation.CallSuper"/>
  </item>
  <item name="android.media.tv.ad.TvAdService.Session void requestTrackInfoList()">
    <annotation name="androidx.annotation.CallSuper"/>
  </item>
  <item name="android.media.tv.ad.TvAdService.Session void sendTvAdSessionData(java.lang.String, android.os.Bundle) 0">
    <annotation name="androidx.annotation.StringDef">
      <val name="value" val="{android.media.tv.ad.TvAdManager.SESSION_DATA_TYPE_AD_REQUEST, android.media.tv.ad.TvAdManager.SESSION_DATA_TYPE_AD_BUFFER_READY, android.media.tv.ad.TvAdManager.SESSION_DATA_TYPE_BROADCAST_INFO_REQUEST, android.media.tv.ad.TvAdManager.SESSION_DATA_TYPE_REMOVE_BROADCAST_INFO_REQUEST}" />
    </annotation>
  </item>
  <item name="android.media.tv.ad.TvAdService.Session void setMediaViewEnabled(boolean)">
    <annotation name="androidx.annotation.CallSuper"/>
  </item>
  <item name="android.media.tv.ad.TvAdView void notifyTvMessage(int, android.os.Bundle) 0">
    <annotation name="androidx.annotation.IntDef">
      <val name="value" val="{android.media.tv.TvInputManager.TV_MESSAGE_TYPE_WATERMARK, android.media.tv.TvInputManager.TV_MESSAGE_TYPE_CLOSED_CAPTION, android.media.tv.TvInputManager.TV_MESSAGE_TYPE_OTHER}" />
    </annotation>
  </item>
  <item name="android.media.tv.ad.TvAdView.TvAdCallback void onStateChanged(java.lang.String, int, int) 1">
    <annotation name="androidx.annotation.IntDef">
      <val name="value" val="{android.media.tv.ad.TvAdManager.SESSION_STATE_STOPPED, android.media.tv.ad.TvAdManager.SESSION_STATE_RUNNING, android.media.tv.ad.TvAdManager.SESSION_STATE_ERROR}" />
      <val name="flag" val="false" />
    </annotation>
  </item>
  <item name="android.media.tv.ad.TvAdView.TvAdCallback void onStateChanged(java.lang.String, int, int) 2">
    <annotation name="androidx.annotation.IntDef">
      <val name="value" val="{android.media.tv.ad.TvAdManager.ERROR_NONE, android.media.tv.ad.TvAdManager.ERROR_UNKNOWN, android.media.tv.ad.TvAdManager.ERROR_NOT_SUPPORTED, android.media.tv.ad.TvAdManager.ERROR_WEAK_SIGNAL, android.media.tv.ad.TvAdManager.ERROR_RESOURCE_UNAVAILABLE, android.media.tv.ad.TvAdManager.ERROR_BLOCKED, android.media.tv.ad.TvAdManager.ERROR_ENCRYPTED, android.media.tv.ad.TvAdManager.ERROR_UNKNOWN_CHANNEL}" />
      <val name="flag" val="false" />
    </annotation>
  </item>
</root>

