<?xml version="1.0" encoding="UTF-8"?>
<root>
  <item name="android.os.health.SystemHealthManager float getCpuHeadroom(android.os.CpuHeadroomParams)">
    <annotation name="androidx.annotation.FloatRange">
      <val name="from" val="0.0" />
      <val name="to" val="100.0" />
    </annotation>
  </item>
  <item name="android.os.health.SystemHealthManager float getGpuHeadroom(android.os.GpuHeadroomParams)">
    <annotation name="androidx.annotation.FloatRange">
      <val name="from" val="0.0" />
      <val name="to" val="100.0" />
    </annotation>
  </item>
  <item name="android.os.health.SystemHealthManager int getMaxCpuHeadroomTidsSize()">
    <annotation name="androidx.annotation.IntRange">
      <val name="from" val="1" />
    </annotation>
  </item>
</root>

