<?xml version="1.0" encoding="UTF-8"?>
<root>
  <item name="android.security.keystore.KeyGenParameterSpec int getPurposes()">
    <annotation name="androidx.annotation.IntDef">
      <val name="value" val="{android.security.keystore.KeyProperties.PURPOSE_ENCRYPT, android.security.keystore.KeyProperties.PURPOSE_DECRYPT, android.security.keystore.KeyProperties.PURPOSE_SIGN, android.security.keystore.KeyProperties.PURPOSE_VERIFY, android.security.keystore.KeyProperties.PURPOSE_WRAP_KEY, android.security.keystore.KeyProperties.PURPOSE_AGREE_KEY, android.security.keystore.KeyProperties.PURPOSE_ATTEST_KEY}" />
      <val name="flag" val="true" />
    </annotation>
  </item>
  <item name="android.security.keystore.KeyGenParameterSpec int getUserAuthenticationType()">
    <annotation name="androidx.annotation.IntDef">
      <val name="value" val="{android.security.keystore.KeyProperties.AUTH_BIOMETRIC_STRONG, android.security.keystore.KeyProperties.AUTH_DEVICE_CREDENTIAL}" />
      <val name="flag" val="true" />
    </annotation>
  </item>
  <item name="android.security.keystore.KeyGenParameterSpec java.lang.String[] getBlockModes()">
    <annotation name="androidx.annotation.StringDef">
      <val name="value" val="{android.security.keystore.KeyProperties.BLOCK_MODE_ECB, android.security.keystore.KeyProperties.BLOCK_MODE_CBC, android.security.keystore.KeyProperties.BLOCK_MODE_CTR, android.security.keystore.KeyProperties.BLOCK_MODE_GCM}" />
    </annotation>
  </item>
  <item name="android.security.keystore.KeyGenParameterSpec java.lang.String[] getDigests()">
    <annotation name="androidx.annotation.StringDef">
      <val name="value" val="{android.security.keystore.KeyProperties.DIGEST_NONE, android.security.keystore.KeyProperties.DIGEST_MD5, android.security.keystore.KeyProperties.DIGEST_SHA1, android.security.keystore.KeyProperties.DIGEST_SHA224, android.security.keystore.KeyProperties.DIGEST_SHA256, android.security.keystore.KeyProperties.DIGEST_SHA384, android.security.keystore.KeyProperties.DIGEST_SHA512}" />
    </annotation>
  </item>
  <item name="android.security.keystore.KeyGenParameterSpec java.lang.String[] getEncryptionPaddings()">
    <annotation name="androidx.annotation.StringDef">
      <val name="value" val="{android.security.keystore.KeyProperties.ENCRYPTION_PADDING_NONE, android.security.keystore.KeyProperties.ENCRYPTION_PADDING_PKCS7, android.security.keystore.KeyProperties.ENCRYPTION_PADDING_RSA_PKCS1, android.security.keystore.KeyProperties.ENCRYPTION_PADDING_RSA_OAEP}" />
    </annotation>
  </item>
  <item name="android.security.keystore.KeyGenParameterSpec java.lang.String[] getSignaturePaddings()">
    <annotation name="androidx.annotation.StringDef">
      <val name="value" val="{android.security.keystore.KeyProperties.SIGNATURE_PADDING_RSA_PKCS1, android.security.keystore.KeyProperties.SIGNATURE_PADDING_RSA_PSS}" />
    </annotation>
  </item>
  <item name="android.security.keystore.KeyGenParameterSpec java.util.Set&lt;java.lang.String&gt; getMgf1Digests()">
    <annotation name="androidx.annotation.StringDef">
      <val name="value" val="{android.security.keystore.KeyProperties.DIGEST_NONE, android.security.keystore.KeyProperties.DIGEST_MD5, android.security.keystore.KeyProperties.DIGEST_SHA1, android.security.keystore.KeyProperties.DIGEST_SHA224, android.security.keystore.KeyProperties.DIGEST_SHA256, android.security.keystore.KeyProperties.DIGEST_SHA384, android.security.keystore.KeyProperties.DIGEST_SHA512}" />
    </annotation>
  </item>
  <item name="android.security.keystore.KeyGenParameterSpec.Builder Builder(java.lang.String, int) 1">
    <annotation name="androidx.annotation.IntDef">
      <val name="value" val="{android.security.keystore.KeyProperties.PURPOSE_ENCRYPT, android.security.keystore.KeyProperties.PURPOSE_DECRYPT, android.security.keystore.KeyProperties.PURPOSE_SIGN, android.security.keystore.KeyProperties.PURPOSE_VERIFY, android.security.keystore.KeyProperties.PURPOSE_WRAP_KEY, android.security.keystore.KeyProperties.PURPOSE_AGREE_KEY, android.security.keystore.KeyProperties.PURPOSE_ATTEST_KEY}" />
      <val name="flag" val="true" />
    </annotation>
  </item>
  <item name="android.security.keystore.KeyGenParameterSpec.Builder android.security.keystore.KeyGenParameterSpec.Builder setBlockModes(java.lang.String...) 0">
    <annotation name="androidx.annotation.StringDef">
      <val name="value" val="{android.security.keystore.KeyProperties.BLOCK_MODE_ECB, android.security.keystore.KeyProperties.BLOCK_MODE_CBC, android.security.keystore.KeyProperties.BLOCK_MODE_CTR, android.security.keystore.KeyProperties.BLOCK_MODE_GCM}" />
    </annotation>
  </item>
  <item name="android.security.keystore.KeyGenParameterSpec.Builder android.security.keystore.KeyGenParameterSpec.Builder setDigests(java.lang.String...) 0">
    <annotation name="androidx.annotation.StringDef">
      <val name="value" val="{android.security.keystore.KeyProperties.DIGEST_NONE, android.security.keystore.KeyProperties.DIGEST_MD5, android.security.keystore.KeyProperties.DIGEST_SHA1, android.security.keystore.KeyProperties.DIGEST_SHA224, android.security.keystore.KeyProperties.DIGEST_SHA256, android.security.keystore.KeyProperties.DIGEST_SHA384, android.security.keystore.KeyProperties.DIGEST_SHA512}" />
    </annotation>
  </item>
  <item name="android.security.keystore.KeyGenParameterSpec.Builder android.security.keystore.KeyGenParameterSpec.Builder setEncryptionPaddings(java.lang.String...) 0">
    <annotation name="androidx.annotation.StringDef">
      <val name="value" val="{android.security.keystore.KeyProperties.ENCRYPTION_PADDING_NONE, android.security.keystore.KeyProperties.ENCRYPTION_PADDING_PKCS7, android.security.keystore.KeyProperties.ENCRYPTION_PADDING_RSA_PKCS1, android.security.keystore.KeyProperties.ENCRYPTION_PADDING_RSA_OAEP}" />
    </annotation>
  </item>
  <item name="android.security.keystore.KeyGenParameterSpec.Builder android.security.keystore.KeyGenParameterSpec.Builder setMgf1Digests(java.lang.String...) 0">
    <annotation name="androidx.annotation.StringDef">
      <val name="value" val="{android.security.keystore.KeyProperties.DIGEST_NONE, android.security.keystore.KeyProperties.DIGEST_MD5, android.security.keystore.KeyProperties.DIGEST_SHA1, android.security.keystore.KeyProperties.DIGEST_SHA224, android.security.keystore.KeyProperties.DIGEST_SHA256, android.security.keystore.KeyProperties.DIGEST_SHA384, android.security.keystore.KeyProperties.DIGEST_SHA512}" />
    </annotation>
  </item>
  <item name="android.security.keystore.KeyGenParameterSpec.Builder android.security.keystore.KeyGenParameterSpec.Builder setSignaturePaddings(java.lang.String...) 0">
    <annotation name="androidx.annotation.StringDef">
      <val name="value" val="{android.security.keystore.KeyProperties.SIGNATURE_PADDING_RSA_PKCS1, android.security.keystore.KeyProperties.SIGNATURE_PADDING_RSA_PSS}" />
    </annotation>
  </item>
  <item name="android.security.keystore.KeyGenParameterSpec.Builder android.security.keystore.KeyGenParameterSpec.Builder setUserAuthenticationParameters(int, int) 0">
    <annotation name="androidx.annotation.IntRange">
      <val name="from" val="0" />
    </annotation>
  </item>
  <item name="android.security.keystore.KeyGenParameterSpec.Builder android.security.keystore.KeyGenParameterSpec.Builder setUserAuthenticationParameters(int, int) 1">
    <annotation name="androidx.annotation.IntDef">
      <val name="value" val="{android.security.keystore.KeyProperties.AUTH_BIOMETRIC_STRONG, android.security.keystore.KeyProperties.AUTH_DEVICE_CREDENTIAL}" />
      <val name="flag" val="true" />
    </annotation>
  </item>
  <item name="android.security.keystore.KeyGenParameterSpec.Builder android.security.keystore.KeyGenParameterSpec.Builder setUserAuthenticationValidityDurationSeconds(int) 0">
    <annotation name="androidx.annotation.IntRange">
      <val name="from" val="-1" />
    </annotation>
  </item>
  <item name="android.security.keystore.KeyInfo int getOrigin()">
    <annotation name="androidx.annotation.IntDef">
      <val name="value" val="{android.security.keystore.KeyProperties.ORIGIN_GENERATED, android.security.keystore.KeyProperties.ORIGIN_IMPORTED, android.security.keystore.KeyProperties.ORIGIN_UNKNOWN}" />
    </annotation>
  </item>
  <item name="android.security.keystore.KeyInfo int getPurposes()">
    <annotation name="androidx.annotation.IntDef">
      <val name="value" val="{android.security.keystore.KeyProperties.PURPOSE_ENCRYPT, android.security.keystore.KeyProperties.PURPOSE_DECRYPT, android.security.keystore.KeyProperties.PURPOSE_SIGN, android.security.keystore.KeyProperties.PURPOSE_VERIFY, android.security.keystore.KeyProperties.PURPOSE_WRAP_KEY, android.security.keystore.KeyProperties.PURPOSE_AGREE_KEY, android.security.keystore.KeyProperties.PURPOSE_ATTEST_KEY}" />
      <val name="flag" val="true" />
    </annotation>
  </item>
  <item name="android.security.keystore.KeyInfo int getSecurityLevel()">
    <annotation name="androidx.annotation.IntDef">
      <val name="value" val="{android.security.keystore.KeyProperties.SECURITY_LEVEL_UNKNOWN, android.security.keystore.KeyProperties.SECURITY_LEVEL_UNKNOWN_SECURE, android.security.keystore.KeyProperties.SECURITY_LEVEL_SOFTWARE, android.security.keystore.KeyProperties.SECURITY_LEVEL_TRUSTED_ENVIRONMENT, android.security.keystore.KeyProperties.SECURITY_LEVEL_STRONGBOX}" />
    </annotation>
  </item>
  <item name="android.security.keystore.KeyInfo int getUserAuthenticationType()">
    <annotation name="androidx.annotation.IntDef">
      <val name="value" val="{android.security.keystore.KeyProperties.AUTH_BIOMETRIC_STRONG, android.security.keystore.KeyProperties.AUTH_DEVICE_CREDENTIAL}" />
      <val name="flag" val="true" />
    </annotation>
  </item>
  <item name="android.security.keystore.KeyInfo java.lang.String[] getBlockModes()">
    <annotation name="androidx.annotation.StringDef">
      <val name="value" val="{android.security.keystore.KeyProperties.BLOCK_MODE_ECB, android.security.keystore.KeyProperties.BLOCK_MODE_CBC, android.security.keystore.KeyProperties.BLOCK_MODE_CTR, android.security.keystore.KeyProperties.BLOCK_MODE_GCM}" />
    </annotation>
  </item>
  <item name="android.security.keystore.KeyInfo java.lang.String[] getDigests()">
    <annotation name="androidx.annotation.StringDef">
      <val name="value" val="{android.security.keystore.KeyProperties.DIGEST_NONE, android.security.keystore.KeyProperties.DIGEST_MD5, android.security.keystore.KeyProperties.DIGEST_SHA1, android.security.keystore.KeyProperties.DIGEST_SHA224, android.security.keystore.KeyProperties.DIGEST_SHA256, android.security.keystore.KeyProperties.DIGEST_SHA384, android.security.keystore.KeyProperties.DIGEST_SHA512}" />
    </annotation>
  </item>
  <item name="android.security.keystore.KeyInfo java.lang.String[] getEncryptionPaddings()">
    <annotation name="androidx.annotation.StringDef">
      <val name="value" val="{android.security.keystore.KeyProperties.ENCRYPTION_PADDING_NONE, android.security.keystore.KeyProperties.ENCRYPTION_PADDING_PKCS7, android.security.keystore.KeyProperties.ENCRYPTION_PADDING_RSA_PKCS1, android.security.keystore.KeyProperties.ENCRYPTION_PADDING_RSA_OAEP}" />
    </annotation>
  </item>
  <item name="android.security.keystore.KeyInfo java.lang.String[] getSignaturePaddings()">
    <annotation name="androidx.annotation.StringDef">
      <val name="value" val="{android.security.keystore.KeyProperties.SIGNATURE_PADDING_RSA_PKCS1, android.security.keystore.KeyProperties.SIGNATURE_PADDING_RSA_PSS}" />
    </annotation>
  </item>
  <item name="android.security.keystore.KeyProtection int getPurposes()">
    <annotation name="androidx.annotation.IntDef">
      <val name="value" val="{android.security.keystore.KeyProperties.PURPOSE_ENCRYPT, android.security.keystore.KeyProperties.PURPOSE_DECRYPT, android.security.keystore.KeyProperties.PURPOSE_SIGN, android.security.keystore.KeyProperties.PURPOSE_VERIFY, android.security.keystore.KeyProperties.PURPOSE_WRAP_KEY, android.security.keystore.KeyProperties.PURPOSE_AGREE_KEY, android.security.keystore.KeyProperties.PURPOSE_ATTEST_KEY}" />
      <val name="flag" val="true" />
    </annotation>
  </item>
  <item name="android.security.keystore.KeyProtection int getUserAuthenticationType()">
    <annotation name="androidx.annotation.IntDef">
      <val name="value" val="{android.security.keystore.KeyProperties.AUTH_BIOMETRIC_STRONG, android.security.keystore.KeyProperties.AUTH_DEVICE_CREDENTIAL}" />
      <val name="flag" val="true" />
    </annotation>
  </item>
  <item name="android.security.keystore.KeyProtection java.lang.String[] getBlockModes()">
    <annotation name="androidx.annotation.StringDef">
      <val name="value" val="{android.security.keystore.KeyProperties.BLOCK_MODE_ECB, android.security.keystore.KeyProperties.BLOCK_MODE_CBC, android.security.keystore.KeyProperties.BLOCK_MODE_CTR, android.security.keystore.KeyProperties.BLOCK_MODE_GCM}" />
    </annotation>
  </item>
  <item name="android.security.keystore.KeyProtection java.lang.String[] getDigests()">
    <annotation name="androidx.annotation.StringDef">
      <val name="value" val="{android.security.keystore.KeyProperties.DIGEST_NONE, android.security.keystore.KeyProperties.DIGEST_MD5, android.security.keystore.KeyProperties.DIGEST_SHA1, android.security.keystore.KeyProperties.DIGEST_SHA224, android.security.keystore.KeyProperties.DIGEST_SHA256, android.security.keystore.KeyProperties.DIGEST_SHA384, android.security.keystore.KeyProperties.DIGEST_SHA512}" />
    </annotation>
  </item>
  <item name="android.security.keystore.KeyProtection java.lang.String[] getEncryptionPaddings()">
    <annotation name="androidx.annotation.StringDef">
      <val name="value" val="{android.security.keystore.KeyProperties.ENCRYPTION_PADDING_NONE, android.security.keystore.KeyProperties.ENCRYPTION_PADDING_PKCS7, android.security.keystore.KeyProperties.ENCRYPTION_PADDING_RSA_PKCS1, android.security.keystore.KeyProperties.ENCRYPTION_PADDING_RSA_OAEP}" />
    </annotation>
  </item>
  <item name="android.security.keystore.KeyProtection java.lang.String[] getSignaturePaddings()">
    <annotation name="androidx.annotation.StringDef">
      <val name="value" val="{android.security.keystore.KeyProperties.SIGNATURE_PADDING_RSA_PKCS1, android.security.keystore.KeyProperties.SIGNATURE_PADDING_RSA_PSS}" />
    </annotation>
  </item>
  <item name="android.security.keystore.KeyProtection java.util.Set&lt;java.lang.String&gt; getMgf1Digests()">
    <annotation name="androidx.annotation.StringDef">
      <val name="value" val="{android.security.keystore.KeyProperties.DIGEST_NONE, android.security.keystore.KeyProperties.DIGEST_MD5, android.security.keystore.KeyProperties.DIGEST_SHA1, android.security.keystore.KeyProperties.DIGEST_SHA224, android.security.keystore.KeyProperties.DIGEST_SHA256, android.security.keystore.KeyProperties.DIGEST_SHA384, android.security.keystore.KeyProperties.DIGEST_SHA512}" />
    </annotation>
  </item>
  <item name="android.security.keystore.KeyProtection.Builder Builder(int) 0">
    <annotation name="androidx.annotation.IntDef">
      <val name="value" val="{android.security.keystore.KeyProperties.PURPOSE_ENCRYPT, android.security.keystore.KeyProperties.PURPOSE_DECRYPT, android.security.keystore.KeyProperties.PURPOSE_SIGN, android.security.keystore.KeyProperties.PURPOSE_VERIFY, android.security.keystore.KeyProperties.PURPOSE_WRAP_KEY, android.security.keystore.KeyProperties.PURPOSE_AGREE_KEY, android.security.keystore.KeyProperties.PURPOSE_ATTEST_KEY}" />
      <val name="flag" val="true" />
    </annotation>
  </item>
  <item name="android.security.keystore.KeyProtection.Builder android.security.keystore.KeyProtection.Builder setBlockModes(java.lang.String...) 0">
    <annotation name="androidx.annotation.StringDef">
      <val name="value" val="{android.security.keystore.KeyProperties.BLOCK_MODE_ECB, android.security.keystore.KeyProperties.BLOCK_MODE_CBC, android.security.keystore.KeyProperties.BLOCK_MODE_CTR, android.security.keystore.KeyProperties.BLOCK_MODE_GCM}" />
    </annotation>
  </item>
  <item name="android.security.keystore.KeyProtection.Builder android.security.keystore.KeyProtection.Builder setDigests(java.lang.String...) 0">
    <annotation name="androidx.annotation.StringDef">
      <val name="value" val="{android.security.keystore.KeyProperties.DIGEST_NONE, android.security.keystore.KeyProperties.DIGEST_MD5, android.security.keystore.KeyProperties.DIGEST_SHA1, android.security.keystore.KeyProperties.DIGEST_SHA224, android.security.keystore.KeyProperties.DIGEST_SHA256, android.security.keystore.KeyProperties.DIGEST_SHA384, android.security.keystore.KeyProperties.DIGEST_SHA512}" />
    </annotation>
  </item>
  <item name="android.security.keystore.KeyProtection.Builder android.security.keystore.KeyProtection.Builder setEncryptionPaddings(java.lang.String...) 0">
    <annotation name="androidx.annotation.StringDef">
      <val name="value" val="{android.security.keystore.KeyProperties.ENCRYPTION_PADDING_NONE, android.security.keystore.KeyProperties.ENCRYPTION_PADDING_PKCS7, android.security.keystore.KeyProperties.ENCRYPTION_PADDING_RSA_PKCS1, android.security.keystore.KeyProperties.ENCRYPTION_PADDING_RSA_OAEP}" />
    </annotation>
  </item>
  <item name="android.security.keystore.KeyProtection.Builder android.security.keystore.KeyProtection.Builder setMgf1Digests(java.lang.String...) 0">
    <annotation name="androidx.annotation.StringDef">
      <val name="value" val="{android.security.keystore.KeyProperties.DIGEST_NONE, android.security.keystore.KeyProperties.DIGEST_MD5, android.security.keystore.KeyProperties.DIGEST_SHA1, android.security.keystore.KeyProperties.DIGEST_SHA224, android.security.keystore.KeyProperties.DIGEST_SHA256, android.security.keystore.KeyProperties.DIGEST_SHA384, android.security.keystore.KeyProperties.DIGEST_SHA512}" />
    </annotation>
  </item>
  <item name="android.security.keystore.KeyProtection.Builder android.security.keystore.KeyProtection.Builder setSignaturePaddings(java.lang.String...) 0">
    <annotation name="androidx.annotation.StringDef">
      <val name="value" val="{android.security.keystore.KeyProperties.SIGNATURE_PADDING_RSA_PKCS1, android.security.keystore.KeyProperties.SIGNATURE_PADDING_RSA_PSS}" />
    </annotation>
  </item>
  <item name="android.security.keystore.KeyProtection.Builder android.security.keystore.KeyProtection.Builder setUserAuthenticationParameters(int, int) 0">
    <annotation name="androidx.annotation.IntRange">
      <val name="from" val="0" />
    </annotation>
  </item>
  <item name="android.security.keystore.KeyProtection.Builder android.security.keystore.KeyProtection.Builder setUserAuthenticationParameters(int, int) 1">
    <annotation name="androidx.annotation.IntDef">
      <val name="value" val="{android.security.keystore.KeyProperties.AUTH_BIOMETRIC_STRONG, android.security.keystore.KeyProperties.AUTH_DEVICE_CREDENTIAL}" />
      <val name="flag" val="true" />
    </annotation>
  </item>
  <item name="android.security.keystore.KeyProtection.Builder android.security.keystore.KeyProtection.Builder setUserAuthenticationValidityDurationSeconds(int) 0">
    <annotation name="androidx.annotation.IntRange">
      <val name="from" val="-1" />
    </annotation>
  </item>
  <item name="android.security.keystore.KeyStoreManager byte[] getSupplementaryAttestationInfo(int) 0">
    <annotation name="androidx.annotation.IntDef">
      <val name="value" val="{android.security.keystore.KeyStoreManager.MODULE_HASH}" />
    </annotation>
  </item>
</root>

