<?xml version="1.0" encoding="UTF-8"?>
<root>
  <item name="android.media.quality.AmbientBacklightEvent AmbientBacklightEvent(int, android.media.quality.AmbientBacklightMetadata) 0">
    <annotation name="androidx.annotation.IntDef">
      <val name="value" val="{android.media.quality.AmbientBacklightEvent.AMBIENT_BACKLIGHT_EVENT_ENABLED, android.media.quality.AmbientBacklightEvent.AMBIENT_BACKLIGHT_EVENT_DISABLED, android.media.quality.AmbientBacklightEvent.AMBIENT_BACKLIGHT_EVENT_METADATA_AVAILABLE, android.media.quality.AmbientBacklightEvent.AMBIENT_BACKLIGHT_EVENT_INTERRUPTED}" />
    </annotation>
  </item>
  <item name="android.media.quality.AmbientBacklightEvent int getEventType()">
    <annotation name="androidx.annotation.IntDef">
      <val name="value" val="{android.media.quality.AmbientBacklightEvent.AMBIENT_BACKLIGHT_EVENT_ENABLED, android.media.quality.AmbientBacklightEvent.AMBIENT_BACKLIGHT_EVENT_DISABLED, android.media.quality.AmbientBacklightEvent.AMBIENT_BACKLIGHT_EVENT_METADATA_AVAILABLE, android.media.quality.AmbientBacklightEvent.AMBIENT_BACKLIGHT_EVENT_INTERRUPTED}" />
    </annotation>
  </item>
  <item name="android.media.quality.AmbientBacklightMetadata AmbientBacklightMetadata(java.lang.String, int, int, int, int, int, int[]) 1">
    <annotation name="androidx.annotation.IntDef">
      <val name="value" val="{android.media.quality.AmbientBacklightMetadata.ALGORITHM_NONE, android.media.quality.AmbientBacklightMetadata.ALGORITHM_RLE}" />
    </annotation>
  </item>
  <item name="android.media.quality.AmbientBacklightMetadata AmbientBacklightMetadata(java.lang.String, int, int, int, int, int, int[]) 2">
    <annotation name="androidx.annotation.IntDef">
      <val name="value" val="{android.media.quality.AmbientBacklightSettings.SOURCE_NONE, android.media.quality.AmbientBacklightSettings.SOURCE_AUDIO, android.media.quality.AmbientBacklightSettings.SOURCE_VIDEO, android.media.quality.AmbientBacklightSettings.SOURCE_AUDIO_VIDEO}" />
    </annotation>
  </item>
  <item name="android.media.quality.AmbientBacklightMetadata AmbientBacklightMetadata(java.lang.String, int, int, int, int, int, int[]) 3">
    <annotation name="androidx.annotation.IntDef">
      <val name="value" val="{android.graphics.PixelFormat.RGBA_8888, android.graphics.PixelFormat.RGBX_8888, android.graphics.PixelFormat.RGBA_F16, android.graphics.PixelFormat.RGBA_1010102, android.graphics.PixelFormat.RGB_888, android.graphics.PixelFormat.RGB_565}" />
    </annotation>
  </item>
  <item name="android.media.quality.AmbientBacklightMetadata int getColorFormat()">
    <annotation name="androidx.annotation.IntDef">
      <val name="value" val="{android.graphics.PixelFormat.RGBA_8888, android.graphics.PixelFormat.RGBX_8888, android.graphics.PixelFormat.RGBA_F16, android.graphics.PixelFormat.RGBA_1010102, android.graphics.PixelFormat.RGB_888, android.graphics.PixelFormat.RGB_565}" />
    </annotation>
  </item>
  <item name="android.media.quality.AmbientBacklightMetadata int getCompressionAlgorithm()">
    <annotation name="androidx.annotation.IntDef">
      <val name="value" val="{android.media.quality.AmbientBacklightMetadata.ALGORITHM_NONE, android.media.quality.AmbientBacklightMetadata.ALGORITHM_RLE}" />
    </annotation>
  </item>
  <item name="android.media.quality.AmbientBacklightMetadata int getHorizontalZonesCount()">
    <annotation name="androidx.annotation.IntRange">
      <val name="from" val="0" />
      <val name="to" val="128" />
    </annotation>
  </item>
  <item name="android.media.quality.AmbientBacklightMetadata int getSource()">
    <annotation name="androidx.annotation.IntDef">
      <val name="value" val="{android.media.quality.AmbientBacklightSettings.SOURCE_NONE, android.media.quality.AmbientBacklightSettings.SOURCE_AUDIO, android.media.quality.AmbientBacklightSettings.SOURCE_VIDEO, android.media.quality.AmbientBacklightSettings.SOURCE_AUDIO_VIDEO}" />
    </annotation>
  </item>
  <item name="android.media.quality.AmbientBacklightMetadata int getVerticalZonesCount()">
    <annotation name="androidx.annotation.IntRange">
      <val name="from" val="0" />
      <val name="to" val="80" />
    </annotation>
  </item>
  <item name="android.media.quality.AmbientBacklightSettings AmbientBacklightSettings(int, int, int, int, int, boolean, int) 0">
    <annotation name="androidx.annotation.IntDef">
      <val name="value" val="{android.media.quality.AmbientBacklightSettings.SOURCE_NONE, android.media.quality.AmbientBacklightSettings.SOURCE_AUDIO, android.media.quality.AmbientBacklightSettings.SOURCE_VIDEO, android.media.quality.AmbientBacklightSettings.SOURCE_AUDIO_VIDEO}" />
    </annotation>
  </item>
  <item name="android.media.quality.AmbientBacklightSettings AmbientBacklightSettings(int, int, int, int, int, boolean, int) 2">
    <annotation name="androidx.annotation.IntDef">
      <val name="value" val="{android.graphics.PixelFormat.RGBA_8888, android.graphics.PixelFormat.RGBX_8888, android.graphics.PixelFormat.RGBA_F16, android.graphics.PixelFormat.RGBA_1010102, android.graphics.PixelFormat.RGB_888, android.graphics.PixelFormat.RGB_565}" />
    </annotation>
  </item>
  <item name="android.media.quality.AmbientBacklightSettings int getColorFormat()">
    <annotation name="androidx.annotation.IntDef">
      <val name="value" val="{android.graphics.PixelFormat.RGBA_8888, android.graphics.PixelFormat.RGBX_8888, android.graphics.PixelFormat.RGBA_F16, android.graphics.PixelFormat.RGBA_1010102, android.graphics.PixelFormat.RGB_888, android.graphics.PixelFormat.RGB_565}" />
    </annotation>
  </item>
  <item name="android.media.quality.AmbientBacklightSettings int getHorizontalZonesCount()">
    <annotation name="androidx.annotation.IntRange">
      <val name="from" val="0" />
    </annotation>
  </item>
  <item name="android.media.quality.AmbientBacklightSettings int getMaxFps()">
    <annotation name="androidx.annotation.IntRange">
      <val name="from" val="1" />
    </annotation>
  </item>
  <item name="android.media.quality.AmbientBacklightSettings int getSource()">
    <annotation name="androidx.annotation.IntDef">
      <val name="value" val="{android.media.quality.AmbientBacklightSettings.SOURCE_NONE, android.media.quality.AmbientBacklightSettings.SOURCE_AUDIO, android.media.quality.AmbientBacklightSettings.SOURCE_VIDEO, android.media.quality.AmbientBacklightSettings.SOURCE_AUDIO_VIDEO}" />
    </annotation>
  </item>
  <item name="android.media.quality.AmbientBacklightSettings int getVerticalZonesCount()">
    <annotation name="androidx.annotation.IntRange">
      <val name="from" val="0" />
    </annotation>
  </item>
  <item name="android.media.quality.MediaQualityManager android.media.quality.PictureProfile getPictureProfile(int, java.lang.String, android.media.quality.MediaQualityManager.ProfileQueryParams) 0">
    <annotation name="androidx.annotation.IntDef">
      <val name="value" val="{android.media.quality.PictureProfile.TYPE_SYSTEM, android.media.quality.PictureProfile.TYPE_APPLICATION}" />
      <val name="flag" val="false" />
    </annotation>
  </item>
  <item name="android.media.quality.MediaQualityManager android.media.quality.SoundProfile getSoundProfile(int, java.lang.String, android.media.quality.MediaQualityManager.ProfileQueryParams) 0">
    <annotation name="androidx.annotation.IntDef">
      <val name="value" val="{android.media.quality.SoundProfile.TYPE_SYSTEM, android.media.quality.SoundProfile.TYPE_APPLICATION}" />
      <val name="flag" val="false" />
    </annotation>
  </item>
  <item name="android.media.quality.MediaQualityManager.PictureProfileCallback void onError(java.lang.String, int) 1">
    <annotation name="androidx.annotation.IntDef">
      <val name="value" val="{android.media.quality.PictureProfile.ERROR_UNKNOWN, android.media.quality.PictureProfile.ERROR_NO_PERMISSION, android.media.quality.PictureProfile.ERROR_DUPLICATE, android.media.quality.PictureProfile.ERROR_INVALID_ARGUMENT, android.media.quality.PictureProfile.ERROR_NOT_ALLOWLISTED}" />
      <val name="flag" val="false" />
    </annotation>
  </item>
  <item name="android.media.quality.MediaQualityManager.SoundProfileCallback void onError(java.lang.String, int) 1">
    <annotation name="androidx.annotation.IntDef">
      <val name="value" val="{android.media.quality.SoundProfile.ERROR_UNKNOWN, android.media.quality.SoundProfile.ERROR_NO_PERMISSION, android.media.quality.SoundProfile.ERROR_DUPLICATE, android.media.quality.SoundProfile.ERROR_INVALID_ARGUMENT, android.media.quality.SoundProfile.ERROR_NOT_ALLOWLISTED}" />
      <val name="flag" val="false" />
    </annotation>
  </item>
  <item name="android.media.quality.ParameterCapability int getParameterType()">
    <annotation name="androidx.annotation.IntDef">
      <val name="value" val="{android.media.quality.ParameterCapability.TYPE_NONE, android.media.quality.ParameterCapability.TYPE_INT, android.media.quality.ParameterCapability.TYPE_LONG, android.media.quality.ParameterCapability.TYPE_DOUBLE, android.media.quality.ParameterCapability.TYPE_STRING}" />
      <val name="flag" val="true" />
    </annotation>
  </item>
  <item name="android.media.quality.PictureProfile int getProfileType()">
    <annotation name="androidx.annotation.IntDef">
      <val name="value" val="{android.media.quality.PictureProfile.TYPE_SYSTEM, android.media.quality.PictureProfile.TYPE_APPLICATION}" />
      <val name="flag" val="false" />
    </annotation>
  </item>
  <item name="android.media.quality.SoundProfile int getProfileType()">
    <annotation name="androidx.annotation.IntDef">
      <val name="value" val="{android.media.quality.SoundProfile.TYPE_SYSTEM, android.media.quality.SoundProfile.TYPE_APPLICATION}" />
      <val name="flag" val="false" />
    </annotation>
  </item>
</root>

