<?xml version="1.0" encoding="UTF-8"?>
<root>
  <item name="android.app.jank.AppJankStats AppJankStats(int, java.lang.String, java.lang.String, java.lang.String, java.lang.String, long, long, android.app.jank.RelativeFrameTimeHistogram) 3">
    <annotation name="androidx.annotation.StringDef">
      <val name="value" val="{android.app.jank.AppJankStats.WIDGET_CATEGORY_UNSPECIFIED, android.app.jank.AppJankStats.WIDGET_CATEGORY_SCROLL, android.app.jank.AppJankStats.WIDGET_CATEGORY_ANIMATION, android.app.jank.AppJankStats.WIDGET_CATEGORY_MEDIA, android.app.jank.AppJankStats.WIDGET_CATEGORY_NAVIGATION, android.app.jank.AppJankStats.WIDGET_CATEGORY_KEYBOARD, android.app.jank.AppJankStats.WIDGET_CATEGORY_OTHER}" />
    </annotation>
  </item>
  <item name="android.app.jank.AppJankStats AppJankStats(int, java.lang.String, java.lang.String, java.lang.String, java.lang.String, long, long, android.app.jank.RelativeFrameTimeHistogram) 4">
    <annotation name="androidx.annotation.StringDef">
      <val name="value" val="{android.app.jank.AppJankStats.WIDGET_STATE_UNSPECIFIED, android.app.jank.AppJankStats.WIDGET_STATE_NONE, android.app.jank.AppJankStats.WIDGET_STATE_SCROLLING, android.app.jank.AppJankStats.WIDGET_STATE_FLINGING, android.app.jank.AppJankStats.WIDGET_STATE_SWIPING, android.app.jank.AppJankStats.WIDGET_STATE_DRAGGING, android.app.jank.AppJankStats.WIDGET_STATE_ZOOMING, android.app.jank.AppJankStats.WIDGET_STATE_ANIMATING, android.app.jank.AppJankStats.WIDGET_STATE_PLAYBACK, android.app.jank.AppJankStats.WIDGET_STATE_TAPPING, android.app.jank.AppJankStats.WIDGET_STATE_PREDICTIVE_BACK}" />
    </annotation>
  </item>
  <item name="android.app.jank.AppJankStats java.lang.String getWidgetCategory()">
    <annotation name="androidx.annotation.StringDef">
      <val name="value" val="{android.app.jank.AppJankStats.WIDGET_CATEGORY_UNSPECIFIED, android.app.jank.AppJankStats.WIDGET_CATEGORY_SCROLL, android.app.jank.AppJankStats.WIDGET_CATEGORY_ANIMATION, android.app.jank.AppJankStats.WIDGET_CATEGORY_MEDIA, android.app.jank.AppJankStats.WIDGET_CATEGORY_NAVIGATION, android.app.jank.AppJankStats.WIDGET_CATEGORY_KEYBOARD, android.app.jank.AppJankStats.WIDGET_CATEGORY_OTHER}" />
    </annotation>
  </item>
  <item name="android.app.jank.AppJankStats java.lang.String getWidgetState()">
    <annotation name="androidx.annotation.StringDef">
      <val name="value" val="{android.app.jank.AppJankStats.WIDGET_STATE_UNSPECIFIED, android.app.jank.AppJankStats.WIDGET_STATE_NONE, android.app.jank.AppJankStats.WIDGET_STATE_SCROLLING, android.app.jank.AppJankStats.WIDGET_STATE_FLINGING, android.app.jank.AppJankStats.WIDGET_STATE_SWIPING, android.app.jank.AppJankStats.WIDGET_STATE_DRAGGING, android.app.jank.AppJankStats.WIDGET_STATE_ZOOMING, android.app.jank.AppJankStats.WIDGET_STATE_ANIMATING, android.app.jank.AppJankStats.WIDGET_STATE_PLAYBACK, android.app.jank.AppJankStats.WIDGET_STATE_TAPPING, android.app.jank.AppJankStats.WIDGET_STATE_PREDICTIVE_BACK}" />
    </annotation>
  </item>
</root>

