<?xml version="1.0" encoding="UTF-8"?>
<root>
  <item name="android.ranging.uwb.UwbComplexChannel int getChannel()">
    <annotation name="androidx.annotation.IntDef">
      <val name="value" val="{android.ranging.uwb.UwbComplexChannel.UWB_CHANNEL_5, android.ranging.uwb.UwbComplexChannel.UWB_CHANNEL_6, android.ranging.uwb.UwbComplexChannel.UWB_CHANNEL_8, android.ranging.uwb.UwbComplexChannel.UWB_CHANNEL_9, android.ranging.uwb.UwbComplexChannel.UWB_CHANNEL_10, android.ranging.uwb.UwbComplexChannel.UWB_CHANNEL_12, android.ranging.uwb.UwbComplexChannel.UWB_CHANNEL_13, android.ranging.uwb.UwbComplexChannel.UWB_CHANNEL_14}" />
    </annotation>
  </item>
  <item name="android.ranging.uwb.UwbComplexChannel int getPreambleIndex()">
    <annotation name="androidx.annotation.IntDef">
      <val name="value" val="{android.ranging.uwb.UwbComplexChannel.UWB_PREAMBLE_CODE_INDEX_9, android.ranging.uwb.UwbComplexChannel.UWB_PREAMBLE_CODE_INDEX_10, android.ranging.uwb.UwbComplexChannel.UWB_PREAMBLE_CODE_INDEX_11, android.ranging.uwb.UwbComplexChannel.UWB_PREAMBLE_CODE_INDEX_12, android.ranging.uwb.UwbComplexChannel.UWB_PREAMBLE_CODE_INDEX_25, android.ranging.uwb.UwbComplexChannel.UWB_PREAMBLE_CODE_INDEX_26, android.ranging.uwb.UwbComplexChannel.UWB_PREAMBLE_CODE_INDEX_27, android.ranging.uwb.UwbComplexChannel.UWB_PREAMBLE_CODE_INDEX_28, android.ranging.uwb.UwbComplexChannel.UWB_PREAMBLE_CODE_INDEX_29, android.ranging.uwb.UwbComplexChannel.UWB_PREAMBLE_CODE_INDEX_30, android.ranging.uwb.UwbComplexChannel.UWB_PREAMBLE_CODE_INDEX_31, android.ranging.uwb.UwbComplexChannel.UWB_PREAMBLE_CODE_INDEX_32}" />
    </annotation>
  </item>
  <item name="android.ranging.uwb.UwbComplexChannel.Builder android.ranging.uwb.UwbComplexChannel.Builder setChannel(int) 0">
    <annotation name="androidx.annotation.IntDef">
      <val name="value" val="{android.ranging.uwb.UwbComplexChannel.UWB_CHANNEL_5, android.ranging.uwb.UwbComplexChannel.UWB_CHANNEL_6, android.ranging.uwb.UwbComplexChannel.UWB_CHANNEL_8, android.ranging.uwb.UwbComplexChannel.UWB_CHANNEL_9, android.ranging.uwb.UwbComplexChannel.UWB_CHANNEL_10, android.ranging.uwb.UwbComplexChannel.UWB_CHANNEL_12, android.ranging.uwb.UwbComplexChannel.UWB_CHANNEL_13, android.ranging.uwb.UwbComplexChannel.UWB_CHANNEL_14}" />
    </annotation>
  </item>
  <item name="android.ranging.uwb.UwbComplexChannel.Builder android.ranging.uwb.UwbComplexChannel.Builder setPreambleIndex(int) 0">
    <annotation name="androidx.annotation.IntDef">
      <val name="value" val="{android.ranging.uwb.UwbComplexChannel.UWB_PREAMBLE_CODE_INDEX_9, android.ranging.uwb.UwbComplexChannel.UWB_PREAMBLE_CODE_INDEX_10, android.ranging.uwb.UwbComplexChannel.UWB_PREAMBLE_CODE_INDEX_11, android.ranging.uwb.UwbComplexChannel.UWB_PREAMBLE_CODE_INDEX_12, android.ranging.uwb.UwbComplexChannel.UWB_PREAMBLE_CODE_INDEX_25, android.ranging.uwb.UwbComplexChannel.UWB_PREAMBLE_CODE_INDEX_26, android.ranging.uwb.UwbComplexChannel.UWB_PREAMBLE_CODE_INDEX_27, android.ranging.uwb.UwbComplexChannel.UWB_PREAMBLE_CODE_INDEX_28, android.ranging.uwb.UwbComplexChannel.UWB_PREAMBLE_CODE_INDEX_29, android.ranging.uwb.UwbComplexChannel.UWB_PREAMBLE_CODE_INDEX_30, android.ranging.uwb.UwbComplexChannel.UWB_PREAMBLE_CODE_INDEX_31, android.ranging.uwb.UwbComplexChannel.UWB_PREAMBLE_CODE_INDEX_32}" />
    </annotation>
  </item>
  <item name="android.ranging.uwb.UwbRangingCapabilities java.util.List&lt;java.lang.Integer&gt; getSupportedChannels()">
    <annotation name="androidx.annotation.IntDef">
      <val name="value" val="{android.ranging.uwb.UwbComplexChannel.UWB_CHANNEL_5, android.ranging.uwb.UwbComplexChannel.UWB_CHANNEL_6, android.ranging.uwb.UwbComplexChannel.UWB_CHANNEL_8, android.ranging.uwb.UwbComplexChannel.UWB_CHANNEL_9, android.ranging.uwb.UwbComplexChannel.UWB_CHANNEL_10, android.ranging.uwb.UwbComplexChannel.UWB_CHANNEL_12, android.ranging.uwb.UwbComplexChannel.UWB_CHANNEL_13, android.ranging.uwb.UwbComplexChannel.UWB_CHANNEL_14}" />
    </annotation>
  </item>
  <item name="android.ranging.uwb.UwbRangingCapabilities java.util.List&lt;java.lang.Integer&gt; getSupportedConfigIds()">
    <annotation name="androidx.annotation.IntDef">
      <val name="value" val="{android.ranging.uwb.UwbRangingParams.CONFIG_UNICAST_DS_TWR, android.ranging.uwb.UwbRangingParams.CONFIG_MULTICAST_DS_TWR, android.ranging.uwb.UwbRangingParams.CONFIG_PROVISIONED_UNICAST_DS_TWR, android.ranging.uwb.UwbRangingParams.CONFIG_PROVISIONED_MULTICAST_DS_TWR, android.ranging.uwb.UwbRangingParams.CONFIG_PROVISIONED_INDIVIDUAL_MULTICAST_DS_TWR, android.ranging.uwb.UwbRangingParams.CONFIG_PROVISIONED_UNICAST_DS_TWR_VERY_FAST}" />
    </annotation>
  </item>
  <item name="android.ranging.uwb.UwbRangingCapabilities java.util.List&lt;java.lang.Integer&gt; getSupportedNotificationConfigurations()">
    <annotation name="androidx.annotation.IntDef">
      <val name="value" val="{android.ranging.DataNotificationConfig.NOTIFICATION_CONFIG_DISABLE, android.ranging.DataNotificationConfig.NOTIFICATION_CONFIG_ENABLE, android.ranging.DataNotificationConfig.NOTIFICATION_CONFIG_PROXIMITY_LEVEL, android.ranging.DataNotificationConfig.NOTIFICATION_CONFIG_PROXIMITY_EDGE}" />
    </annotation>
  </item>
  <item name="android.ranging.uwb.UwbRangingCapabilities java.util.List&lt;java.lang.Integer&gt; getSupportedPreambleIndexes()">
    <annotation name="androidx.annotation.IntDef">
      <val name="value" val="{android.ranging.uwb.UwbComplexChannel.UWB_PREAMBLE_CODE_INDEX_9, android.ranging.uwb.UwbComplexChannel.UWB_PREAMBLE_CODE_INDEX_10, android.ranging.uwb.UwbComplexChannel.UWB_PREAMBLE_CODE_INDEX_11, android.ranging.uwb.UwbComplexChannel.UWB_PREAMBLE_CODE_INDEX_12, android.ranging.uwb.UwbComplexChannel.UWB_PREAMBLE_CODE_INDEX_25, android.ranging.uwb.UwbComplexChannel.UWB_PREAMBLE_CODE_INDEX_26, android.ranging.uwb.UwbComplexChannel.UWB_PREAMBLE_CODE_INDEX_27, android.ranging.uwb.UwbComplexChannel.UWB_PREAMBLE_CODE_INDEX_28, android.ranging.uwb.UwbComplexChannel.UWB_PREAMBLE_CODE_INDEX_29, android.ranging.uwb.UwbComplexChannel.UWB_PREAMBLE_CODE_INDEX_30, android.ranging.uwb.UwbComplexChannel.UWB_PREAMBLE_CODE_INDEX_31, android.ranging.uwb.UwbComplexChannel.UWB_PREAMBLE_CODE_INDEX_32}" />
    </annotation>
  </item>
  <item name="android.ranging.uwb.UwbRangingCapabilities java.util.List&lt;java.lang.Integer&gt; getSupportedRangingUpdateRates()">
    <annotation name="androidx.annotation.IntDef">
      <val name="value" val="{android.ranging.raw.RawRangingDevice.UPDATE_RATE_NORMAL, android.ranging.raw.RawRangingDevice.UPDATE_RATE_INFREQUENT, android.ranging.raw.RawRangingDevice.UPDATE_RATE_FREQUENT}" />
    </annotation>
  </item>
  <item name="android.ranging.uwb.UwbRangingCapabilities java.util.List&lt;java.lang.Integer&gt; getSupportedSlotDurations()">
    <annotation name="androidx.annotation.IntDef">
      <val name="value" val="{android.ranging.uwb.UwbRangingParams.DURATION_1_MS, android.ranging.uwb.UwbRangingParams.DURATION_2_MS}" />
    </annotation>
  </item>
  <item name="android.ranging.uwb.UwbRangingParams int getConfigId()">
    <annotation name="androidx.annotation.IntDef">
      <val name="value" val="{android.ranging.uwb.UwbRangingParams.CONFIG_UNICAST_DS_TWR, android.ranging.uwb.UwbRangingParams.CONFIG_MULTICAST_DS_TWR, android.ranging.uwb.UwbRangingParams.CONFIG_PROVISIONED_UNICAST_DS_TWR, android.ranging.uwb.UwbRangingParams.CONFIG_PROVISIONED_MULTICAST_DS_TWR, android.ranging.uwb.UwbRangingParams.CONFIG_PROVISIONED_INDIVIDUAL_MULTICAST_DS_TWR, android.ranging.uwb.UwbRangingParams.CONFIG_PROVISIONED_UNICAST_DS_TWR_VERY_FAST}" />
    </annotation>
  </item>
  <item name="android.ranging.uwb.UwbRangingParams int getRangingUpdateRate()">
    <annotation name="androidx.annotation.IntDef">
      <val name="value" val="{android.ranging.raw.RawRangingDevice.UPDATE_RATE_NORMAL, android.ranging.raw.RawRangingDevice.UPDATE_RATE_INFREQUENT, android.ranging.raw.RawRangingDevice.UPDATE_RATE_FREQUENT}" />
    </annotation>
  </item>
  <item name="android.ranging.uwb.UwbRangingParams int getSlotDuration()">
    <annotation name="androidx.annotation.IntDef">
      <val name="value" val="{android.ranging.uwb.UwbRangingParams.DURATION_1_MS, android.ranging.uwb.UwbRangingParams.DURATION_2_MS}" />
    </annotation>
  </item>
  <item name="android.ranging.uwb.UwbRangingParams.Builder Builder(int, int, android.ranging.uwb.UwbAddress, android.ranging.uwb.UwbAddress) 1">
    <annotation name="androidx.annotation.IntDef">
      <val name="value" val="{android.ranging.uwb.UwbRangingParams.CONFIG_UNICAST_DS_TWR, android.ranging.uwb.UwbRangingParams.CONFIG_MULTICAST_DS_TWR, android.ranging.uwb.UwbRangingParams.CONFIG_PROVISIONED_UNICAST_DS_TWR, android.ranging.uwb.UwbRangingParams.CONFIG_PROVISIONED_MULTICAST_DS_TWR, android.ranging.uwb.UwbRangingParams.CONFIG_PROVISIONED_INDIVIDUAL_MULTICAST_DS_TWR, android.ranging.uwb.UwbRangingParams.CONFIG_PROVISIONED_UNICAST_DS_TWR_VERY_FAST}" />
    </annotation>
  </item>
  <item name="android.ranging.uwb.UwbRangingParams.Builder android.ranging.uwb.UwbRangingParams.Builder setRangingUpdateRate(int) 0">
    <annotation name="androidx.annotation.IntDef">
      <val name="value" val="{android.ranging.raw.RawRangingDevice.UPDATE_RATE_NORMAL, android.ranging.raw.RawRangingDevice.UPDATE_RATE_INFREQUENT, android.ranging.raw.RawRangingDevice.UPDATE_RATE_FREQUENT}" />
    </annotation>
  </item>
  <item name="android.ranging.uwb.UwbRangingParams.Builder android.ranging.uwb.UwbRangingParams.Builder setSlotDuration(int) 0">
    <annotation name="androidx.annotation.IntDef">
      <val name="value" val="{android.ranging.uwb.UwbRangingParams.DURATION_1_MS, android.ranging.uwb.UwbRangingParams.DURATION_2_MS}" />
    </annotation>
  </item>
</root>

