<?xml version="1.0" encoding="UTF-8"?>
<root>
  <item name="android.content.res.ColorStateList ColorStateList(int[][], int[]) 1">
    <annotation name="androidx.annotation.ColorInt"/>
  </item>
  <item name="android.content.res.ColorStateList android.content.res.ColorStateList valueOf(int) 0">
    <annotation name="androidx.annotation.ColorInt"/>
  </item>
  <item name="android.content.res.ColorStateList int getChangingConfigurations()">
    <annotation name="androidx.annotation.IntDef">
      <val name="value" val="{android.content.pm.ActivityInfo.CONFIG_MCC, android.content.pm.ActivityInfo.CONFIG_MNC, android.content.pm.ActivityInfo.CONFIG_LOCALE, android.content.pm.ActivityInfo.CONFIG_TOUCHSCREEN, android.content.pm.ActivityInfo.CONFIG_KEYBOARD, android.content.pm.ActivityInfo.CONFIG_KEYBOARD_HIDDEN, android.content.pm.ActivityInfo.CONFIG_NAVIGATION, android.content.pm.ActivityInfo.CONFIG_ORIENTATION, android.content.pm.ActivityInfo.CONFIG_SCREEN_LAYOUT, android.content.pm.ActivityInfo.CONFIG_UI_MODE, android.content.pm.ActivityInfo.CONFIG_SCREEN_SIZE, android.content.pm.ActivityInfo.CONFIG_SMALLEST_SCREEN_SIZE, android.content.pm.ActivityInfo.CONFIG_DENSITY, android.content.pm.ActivityInfo.CONFIG_LAYOUT_DIRECTION, android.content.pm.ActivityInfo.CONFIG_COLOR_MODE, android.content.pm.ActivityInfo.CONFIG_FONT_SCALE, android.content.pm.ActivityInfo.CONFIG_GRAMMATICAL_GENDER, android.content.pm.ActivityInfo.CONFIG_FONT_WEIGHT_ADJUSTMENT, android.content.pm.ActivityInfo.CONFIG_ASSETS_PATHS, android.content.pm.ActivityInfo.CONFIG_RESOURCES_UNUSED}" />
      <val name="flag" val="true" />
    </annotation>
  </item>
  <item name="android.content.res.ColorStateList int getDefaultColor()">
    <annotation name="androidx.annotation.ColorInt"/>
  </item>
  <item name="android.content.res.Configuration boolean needNewResources(int, int) 0">
    <annotation name="androidx.annotation.IntDef">
      <val name="value" val="{android.content.pm.ActivityInfo.CONFIG_MCC, android.content.pm.ActivityInfo.CONFIG_MNC, android.content.pm.ActivityInfo.CONFIG_LOCALE, android.content.pm.ActivityInfo.CONFIG_TOUCHSCREEN, android.content.pm.ActivityInfo.CONFIG_KEYBOARD, android.content.pm.ActivityInfo.CONFIG_KEYBOARD_HIDDEN, android.content.pm.ActivityInfo.CONFIG_NAVIGATION, android.content.pm.ActivityInfo.CONFIG_ORIENTATION, android.content.pm.ActivityInfo.CONFIG_SCREEN_LAYOUT, android.content.pm.ActivityInfo.CONFIG_UI_MODE, android.content.pm.ActivityInfo.CONFIG_SCREEN_SIZE, android.content.pm.ActivityInfo.CONFIG_SMALLEST_SCREEN_SIZE, android.content.pm.ActivityInfo.CONFIG_DENSITY, android.content.pm.ActivityInfo.CONFIG_LAYOUT_DIRECTION, android.content.pm.ActivityInfo.CONFIG_COLOR_MODE, android.content.pm.ActivityInfo.CONFIG_FONT_SCALE, android.content.pm.ActivityInfo.CONFIG_GRAMMATICAL_GENDER, android.content.pm.ActivityInfo.CONFIG_FONT_WEIGHT_ADJUSTMENT, android.content.pm.ActivityInfo.CONFIG_ASSETS_PATHS, android.content.pm.ActivityInfo.CONFIG_RESOURCES_UNUSED}" />
      <val name="flag" val="true" />
    </annotation>
  </item>
  <item name="android.content.res.Configuration boolean needNewResources(int, int) 1">
    <annotation name="androidx.annotation.IntDef">
      <val name="value" val="{android.content.pm.ActivityInfo.CONFIG_MCC, android.content.pm.ActivityInfo.CONFIG_MNC, android.content.pm.ActivityInfo.CONFIG_LOCALE, android.content.pm.ActivityInfo.CONFIG_TOUCHSCREEN, android.content.pm.ActivityInfo.CONFIG_KEYBOARD, android.content.pm.ActivityInfo.CONFIG_KEYBOARD_HIDDEN, android.content.pm.ActivityInfo.CONFIG_NAVIGATION, android.content.pm.ActivityInfo.CONFIG_ORIENTATION, android.content.pm.ActivityInfo.CONFIG_SCREEN_LAYOUT, android.content.pm.ActivityInfo.CONFIG_UI_MODE, android.content.pm.ActivityInfo.CONFIG_SCREEN_SIZE, android.content.pm.ActivityInfo.CONFIG_SMALLEST_SCREEN_SIZE, android.content.pm.ActivityInfo.CONFIG_DENSITY, android.content.pm.ActivityInfo.CONFIG_LAYOUT_DIRECTION, android.content.pm.ActivityInfo.CONFIG_COLOR_MODE, android.content.pm.ActivityInfo.CONFIG_FONT_SCALE, android.content.pm.ActivityInfo.CONFIG_GRAMMATICAL_GENDER, android.content.pm.ActivityInfo.CONFIG_FONT_WEIGHT_ADJUSTMENT, android.content.pm.ActivityInfo.CONFIG_ASSETS_PATHS, android.content.pm.ActivityInfo.CONFIG_RESOURCES_UNUSED}" />
      <val name="flag" val="true" />
    </annotation>
  </item>
  <item name="android.content.res.Configuration int diff(android.content.res.Configuration)">
    <annotation name="androidx.annotation.IntDef">
      <val name="value" val="{android.content.pm.ActivityInfo.CONFIG_MCC, android.content.pm.ActivityInfo.CONFIG_MNC, android.content.pm.ActivityInfo.CONFIG_LOCALE, android.content.pm.ActivityInfo.CONFIG_TOUCHSCREEN, android.content.pm.ActivityInfo.CONFIG_KEYBOARD, android.content.pm.ActivityInfo.CONFIG_KEYBOARD_HIDDEN, android.content.pm.ActivityInfo.CONFIG_NAVIGATION, android.content.pm.ActivityInfo.CONFIG_ORIENTATION, android.content.pm.ActivityInfo.CONFIG_SCREEN_LAYOUT, android.content.pm.ActivityInfo.CONFIG_UI_MODE, android.content.pm.ActivityInfo.CONFIG_SCREEN_SIZE, android.content.pm.ActivityInfo.CONFIG_SMALLEST_SCREEN_SIZE, android.content.pm.ActivityInfo.CONFIG_DENSITY, android.content.pm.ActivityInfo.CONFIG_LAYOUT_DIRECTION, android.content.pm.ActivityInfo.CONFIG_COLOR_MODE, android.content.pm.ActivityInfo.CONFIG_FONT_SCALE, android.content.pm.ActivityInfo.CONFIG_GRAMMATICAL_GENDER, android.content.pm.ActivityInfo.CONFIG_FONT_WEIGHT_ADJUSTMENT, android.content.pm.ActivityInfo.CONFIG_ASSETS_PATHS, android.content.pm.ActivityInfo.CONFIG_RESOURCES_UNUSED}" />
      <val name="flag" val="true" />
    </annotation>
  </item>
  <item name="android.content.res.Configuration int getGrammaticalGender()">
    <annotation name="androidx.annotation.IntDef">
      <val name="value" val="{android.content.res.Configuration.GRAMMATICAL_GENDER_NOT_SPECIFIED, android.content.res.Configuration.GRAMMATICAL_GENDER_NEUTRAL, android.content.res.Configuration.GRAMMATICAL_GENDER_FEMININE, android.content.res.Configuration.GRAMMATICAL_GENDER_MASCULINE}" />
    </annotation>
  </item>
  <item name="android.content.res.Configuration int updateFrom(android.content.res.Configuration)">
    <annotation name="androidx.annotation.IntDef">
      <val name="value" val="{android.content.pm.ActivityInfo.CONFIG_MCC, android.content.pm.ActivityInfo.CONFIG_MNC, android.content.pm.ActivityInfo.CONFIG_LOCALE, android.content.pm.ActivityInfo.CONFIG_TOUCHSCREEN, android.content.pm.ActivityInfo.CONFIG_KEYBOARD, android.content.pm.ActivityInfo.CONFIG_KEYBOARD_HIDDEN, android.content.pm.ActivityInfo.CONFIG_NAVIGATION, android.content.pm.ActivityInfo.CONFIG_ORIENTATION, android.content.pm.ActivityInfo.CONFIG_SCREEN_LAYOUT, android.content.pm.ActivityInfo.CONFIG_UI_MODE, android.content.pm.ActivityInfo.CONFIG_SCREEN_SIZE, android.content.pm.ActivityInfo.CONFIG_SMALLEST_SCREEN_SIZE, android.content.pm.ActivityInfo.CONFIG_DENSITY, android.content.pm.ActivityInfo.CONFIG_LAYOUT_DIRECTION, android.content.pm.ActivityInfo.CONFIG_COLOR_MODE, android.content.pm.ActivityInfo.CONFIG_FONT_SCALE, android.content.pm.ActivityInfo.CONFIG_GRAMMATICAL_GENDER, android.content.pm.ActivityInfo.CONFIG_FONT_WEIGHT_ADJUSTMENT, android.content.pm.ActivityInfo.CONFIG_ASSETS_PATHS, android.content.pm.ActivityInfo.CONFIG_RESOURCES_UNUSED}" />
      <val name="flag" val="true" />
    </annotation>
  </item>
  <item name="android.content.res.Configuration orientation">
    <annotation name="androidx.annotation.IntDef">
      <val name="value" val="{android.content.res.Configuration.ORIENTATION_UNDEFINED, android.content.res.Configuration.ORIENTATION_PORTRAIT, android.content.res.Configuration.ORIENTATION_LANDSCAPE, android.content.res.Configuration.ORIENTATION_SQUARE}" />
    </annotation>
  </item>
  <item name="android.content.res.FontScaleConverter android.content.res.FontScaleConverter forScale(float)">
    <annotation name="androidx.annotation.AnyThread"/>
  </item>
  <item name="android.content.res.FontScaleConverter boolean isNonLinearFontScalingActive(float)">
    <annotation name="androidx.annotation.AnyThread"/>
  </item>
  <item name="android.content.res.Resources ID_NULL">
    <annotation name="androidx.annotation.AnyRes"/>
  </item>
  <item name="android.content.res.Resources android.content.res.AssetFileDescriptor openRawResourceFd(int) 0">
    <annotation name="androidx.annotation.RawRes"/>
  </item>
  <item name="android.content.res.Resources android.content.res.ColorStateList getColorStateList(int) 0">
    <annotation name="androidx.annotation.ColorRes"/>
  </item>
  <item name="android.content.res.Resources android.content.res.ColorStateList getColorStateList(int, android.content.res.Resources.Theme) 0">
    <annotation name="androidx.annotation.ColorRes"/>
  </item>
  <item name="android.content.res.Resources android.content.res.TypedArray obtainAttributes(android.util.AttributeSet, int[]) 1">
    <annotation name="androidx.annotation.StyleableRes"/>
  </item>
  <item name="android.content.res.Resources android.content.res.TypedArray obtainTypedArray(int) 0">
    <annotation name="androidx.annotation.ArrayRes"/>
  </item>
  <item name="android.content.res.Resources android.content.res.XmlResourceParser getAnimation(int) 0">
    <annotation name="androidx.annotation.AnimatorRes"/>
    <annotation name="androidx.annotation.AnimRes"/>
  </item>
  <item name="android.content.res.Resources android.content.res.XmlResourceParser getLayout(int) 0">
    <annotation name="androidx.annotation.LayoutRes"/>
  </item>
  <item name="android.content.res.Resources android.content.res.XmlResourceParser getXml(int) 0">
    <annotation name="androidx.annotation.XmlRes"/>
  </item>
  <item name="android.content.res.Resources android.graphics.Movie getMovie(int) 0">
    <annotation name="androidx.annotation.RawRes"/>
  </item>
  <item name="android.content.res.Resources android.graphics.Typeface getFont(int) 0">
    <annotation name="androidx.annotation.FontRes"/>
  </item>
  <item name="android.content.res.Resources android.graphics.drawable.Drawable getDrawable(int) 0">
    <annotation name="androidx.annotation.DrawableRes"/>
  </item>
  <item name="android.content.res.Resources android.graphics.drawable.Drawable getDrawable(int, android.content.res.Resources.Theme) 0">
    <annotation name="androidx.annotation.DrawableRes"/>
  </item>
  <item name="android.content.res.Resources android.graphics.drawable.Drawable getDrawableForDensity(int, int) 0">
    <annotation name="androidx.annotation.DrawableRes"/>
  </item>
  <item name="android.content.res.Resources android.graphics.drawable.Drawable getDrawableForDensity(int, int, android.content.res.Resources.Theme) 0">
    <annotation name="androidx.annotation.DrawableRes"/>
  </item>
  <item name="android.content.res.Resources boolean getBoolean(int) 0">
    <annotation name="androidx.annotation.BoolRes"/>
  </item>
  <item name="android.content.res.Resources float getDimension(int) 0">
    <annotation name="androidx.annotation.DimenRes"/>
  </item>
  <item name="android.content.res.Resources float getFloat(int) 0">
    <annotation name="androidx.annotation.DimenRes"/>
  </item>
  <item name="android.content.res.Resources float getFraction(int, int, int) 0">
    <annotation name="androidx.annotation.FractionRes"/>
  </item>
  <item name="android.content.res.Resources int getAttributeSetSourceResId(android.util.AttributeSet)">
    <annotation name="androidx.annotation.AnyRes"/>
  </item>
  <item name="android.content.res.Resources int getColor(int)">
    <annotation name="androidx.annotation.ColorInt"/>
  </item>
  <item name="android.content.res.Resources int getColor(int) 0">
    <annotation name="androidx.annotation.ColorRes"/>
  </item>
  <item name="android.content.res.Resources int getColor(int, android.content.res.Resources.Theme)">
    <annotation name="androidx.annotation.ColorInt"/>
  </item>
  <item name="android.content.res.Resources int getColor(int, android.content.res.Resources.Theme) 0">
    <annotation name="androidx.annotation.ColorRes"/>
  </item>
  <item name="android.content.res.Resources int getDimensionPixelOffset(int) 0">
    <annotation name="androidx.annotation.DimenRes"/>
  </item>
  <item name="android.content.res.Resources int getDimensionPixelSize(int) 0">
    <annotation name="androidx.annotation.DimenRes"/>
  </item>
  <item name="android.content.res.Resources int getIdentifier(java.lang.String, java.lang.String, java.lang.String)">
    <annotation name="androidx.annotation.Discouraged">
      <val name="message" val="&quot;Use of this function is discouraged because resource reflection makes &quot;&#xA;                         + &quot;it harder to perform build optimizations and compile-time &quot;&#xA;                         + &quot;verification of code. It is much more efficient to retrieve &quot;&#xA;                         + &quot;resources by identifier (e.g. `R.foo.bar`) than by name (e.g. &quot;&#xA;                         + &quot;`getIdentifier(\&quot;bar\&quot;, \&quot;foo\&quot;, null)`).&quot;" />
    </annotation>
  </item>
  <item name="android.content.res.Resources int getInteger(int) 0">
    <annotation name="androidx.annotation.IntegerRes"/>
  </item>
  <item name="android.content.res.Resources int[] getIntArray(int) 0">
    <annotation name="androidx.annotation.ArrayRes"/>
  </item>
  <item name="android.content.res.Resources java.io.InputStream openRawResource(int) 0">
    <annotation name="androidx.annotation.RawRes"/>
  </item>
  <item name="android.content.res.Resources java.io.InputStream openRawResource(int, android.util.TypedValue) 0">
    <annotation name="androidx.annotation.RawRes"/>
  </item>
  <item name="android.content.res.Resources java.lang.CharSequence getQuantityText(int, int) 0">
    <annotation name="androidx.annotation.PluralsRes"/>
  </item>
  <item name="android.content.res.Resources java.lang.CharSequence getText(int) 0">
    <annotation name="androidx.annotation.StringRes"/>
  </item>
  <item name="android.content.res.Resources java.lang.CharSequence getText(int, java.lang.CharSequence) 0">
    <annotation name="androidx.annotation.StringRes"/>
  </item>
  <item name="android.content.res.Resources java.lang.CharSequence[] getTextArray(int) 0">
    <annotation name="androidx.annotation.ArrayRes"/>
  </item>
  <item name="android.content.res.Resources java.lang.String getQuantityString(int, int) 0">
    <annotation name="androidx.annotation.PluralsRes"/>
  </item>
  <item name="android.content.res.Resources java.lang.String getQuantityString(int, int, java.lang.Object...) 0">
    <annotation name="androidx.annotation.PluralsRes"/>
  </item>
  <item name="android.content.res.Resources java.lang.String getResourceEntryName(int) 0">
    <annotation name="androidx.annotation.AnyRes"/>
  </item>
  <item name="android.content.res.Resources java.lang.String getResourceName(int) 0">
    <annotation name="androidx.annotation.AnyRes"/>
  </item>
  <item name="android.content.res.Resources java.lang.String getResourcePackageName(int) 0">
    <annotation name="androidx.annotation.AnyRes"/>
  </item>
  <item name="android.content.res.Resources java.lang.String getResourceTypeName(int) 0">
    <annotation name="androidx.annotation.AnyRes"/>
  </item>
  <item name="android.content.res.Resources java.lang.String getString(int) 0">
    <annotation name="androidx.annotation.StringRes"/>
  </item>
  <item name="android.content.res.Resources java.lang.String getString(int, java.lang.Object...) 0">
    <annotation name="androidx.annotation.StringRes"/>
  </item>
  <item name="android.content.res.Resources java.lang.String[] getStringArray(int) 0">
    <annotation name="androidx.annotation.ArrayRes"/>
  </item>
  <item name="android.content.res.Resources void getValue(int, android.util.TypedValue, boolean) 0">
    <annotation name="androidx.annotation.AnyRes"/>
  </item>
  <item name="android.content.res.Resources void getValue(java.lang.String, android.util.TypedValue, boolean)">
    <annotation name="androidx.annotation.Discouraged">
      <val name="message" val="&quot;Use of this function is discouraged because it makes internal calls to &quot;&#xA;                         + &quot;`getIdentifier()`, which uses resource reflection. Reflection makes it &quot;&#xA;                         + &quot;harder to perform build optimizations and compile-time verification of &quot;&#xA;                         + &quot;code. It is much more efficient to retrieve resource values by &quot;&#xA;                         + &quot;identifier (e.g. `getValue(R.foo.bar, outValue, true)`) than by name &quot;&#xA;                         + &quot;(e.g. `getValue(\&quot;foo\&quot;, outvalue, true)`).&quot;" />
    </annotation>
  </item>
  <item name="android.content.res.Resources void getValueForDensity(int, int, android.util.TypedValue, boolean) 0">
    <annotation name="androidx.annotation.AnyRes"/>
  </item>
  <item name="android.content.res.Resources.Theme android.content.res.TypedArray obtainStyledAttributes(android.util.AttributeSet, int[], int, int) 1">
    <annotation name="androidx.annotation.StyleableRes"/>
  </item>
  <item name="android.content.res.Resources.Theme android.content.res.TypedArray obtainStyledAttributes(android.util.AttributeSet, int[], int, int) 2">
    <annotation name="androidx.annotation.AttrRes"/>
  </item>
  <item name="android.content.res.Resources.Theme android.content.res.TypedArray obtainStyledAttributes(android.util.AttributeSet, int[], int, int) 3">
    <annotation name="androidx.annotation.StyleRes"/>
  </item>
  <item name="android.content.res.Resources.Theme android.content.res.TypedArray obtainStyledAttributes(int, int[]) 0">
    <annotation name="androidx.annotation.StyleRes"/>
  </item>
  <item name="android.content.res.Resources.Theme android.content.res.TypedArray obtainStyledAttributes(int, int[]) 1">
    <annotation name="androidx.annotation.StyleableRes"/>
  </item>
  <item name="android.content.res.Resources.Theme android.content.res.TypedArray obtainStyledAttributes(int[]) 0">
    <annotation name="androidx.annotation.StyleableRes"/>
  </item>
  <item name="android.content.res.Resources.Theme android.graphics.drawable.Drawable getDrawable(int) 0">
    <annotation name="androidx.annotation.DrawableRes"/>
  </item>
  <item name="android.content.res.Resources.Theme int getChangingConfigurations()">
    <annotation name="androidx.annotation.IntDef">
      <val name="value" val="{android.content.pm.ActivityInfo.CONFIG_MCC, android.content.pm.ActivityInfo.CONFIG_MNC, android.content.pm.ActivityInfo.CONFIG_LOCALE, android.content.pm.ActivityInfo.CONFIG_TOUCHSCREEN, android.content.pm.ActivityInfo.CONFIG_KEYBOARD, android.content.pm.ActivityInfo.CONFIG_KEYBOARD_HIDDEN, android.content.pm.ActivityInfo.CONFIG_NAVIGATION, android.content.pm.ActivityInfo.CONFIG_ORIENTATION, android.content.pm.ActivityInfo.CONFIG_SCREEN_LAYOUT, android.content.pm.ActivityInfo.CONFIG_UI_MODE, android.content.pm.ActivityInfo.CONFIG_SCREEN_SIZE, android.content.pm.ActivityInfo.CONFIG_SMALLEST_SCREEN_SIZE, android.content.pm.ActivityInfo.CONFIG_DENSITY, android.content.pm.ActivityInfo.CONFIG_LAYOUT_DIRECTION, android.content.pm.ActivityInfo.CONFIG_COLOR_MODE, android.content.pm.ActivityInfo.CONFIG_FONT_SCALE, android.content.pm.ActivityInfo.CONFIG_GRAMMATICAL_GENDER, android.content.pm.ActivityInfo.CONFIG_FONT_WEIGHT_ADJUSTMENT, android.content.pm.ActivityInfo.CONFIG_ASSETS_PATHS, android.content.pm.ActivityInfo.CONFIG_RESOURCES_UNUSED}" />
      <val name="flag" val="true" />
    </annotation>
  </item>
  <item name="android.content.res.Resources.Theme int getExplicitStyle(android.util.AttributeSet)">
    <annotation name="androidx.annotation.StyleRes"/>
  </item>
  <item name="android.content.res.Resources.Theme int[] getAttributeResolutionStack(int, int, int) 0">
    <annotation name="androidx.annotation.AttrRes"/>
  </item>
  <item name="android.content.res.Resources.Theme int[] getAttributeResolutionStack(int, int, int) 1">
    <annotation name="androidx.annotation.StyleRes"/>
  </item>
  <item name="android.content.res.Resources.Theme int[] getAttributeResolutionStack(int, int, int) 2">
    <annotation name="androidx.annotation.StyleRes"/>
  </item>
  <item name="android.content.res.TypedArray android.content.res.ColorStateList getColorStateList(int) 0">
    <annotation name="androidx.annotation.StyleableRes"/>
  </item>
  <item name="android.content.res.TypedArray android.graphics.Typeface getFont(int) 0">
    <annotation name="androidx.annotation.StyleableRes"/>
  </item>
  <item name="android.content.res.TypedArray android.graphics.drawable.Drawable getDrawable(int) 0">
    <annotation name="androidx.annotation.StyleableRes"/>
  </item>
  <item name="android.content.res.TypedArray android.util.TypedValue peekValue(int) 0">
    <annotation name="androidx.annotation.StyleableRes"/>
  </item>
  <item name="android.content.res.TypedArray boolean getBoolean(int, boolean) 0">
    <annotation name="androidx.annotation.StyleableRes"/>
  </item>
  <item name="android.content.res.TypedArray boolean getValue(int, android.util.TypedValue) 0">
    <annotation name="androidx.annotation.StyleableRes"/>
  </item>
  <item name="android.content.res.TypedArray boolean hasValue(int) 0">
    <annotation name="androidx.annotation.StyleableRes"/>
  </item>
  <item name="android.content.res.TypedArray boolean hasValueOrEmpty(int) 0">
    <annotation name="androidx.annotation.StyleableRes"/>
  </item>
  <item name="android.content.res.TypedArray float getDimension(int, float) 0">
    <annotation name="androidx.annotation.StyleableRes"/>
  </item>
  <item name="android.content.res.TypedArray float getFloat(int, float) 0">
    <annotation name="androidx.annotation.StyleableRes"/>
  </item>
  <item name="android.content.res.TypedArray float getFraction(int, int, int, float) 0">
    <annotation name="androidx.annotation.StyleableRes"/>
  </item>
  <item name="android.content.res.TypedArray int getChangingConfigurations()">
    <annotation name="androidx.annotation.IntDef">
      <val name="value" val="{android.content.pm.ActivityInfo.CONFIG_MCC, android.content.pm.ActivityInfo.CONFIG_MNC, android.content.pm.ActivityInfo.CONFIG_LOCALE, android.content.pm.ActivityInfo.CONFIG_TOUCHSCREEN, android.content.pm.ActivityInfo.CONFIG_KEYBOARD, android.content.pm.ActivityInfo.CONFIG_KEYBOARD_HIDDEN, android.content.pm.ActivityInfo.CONFIG_NAVIGATION, android.content.pm.ActivityInfo.CONFIG_ORIENTATION, android.content.pm.ActivityInfo.CONFIG_SCREEN_LAYOUT, android.content.pm.ActivityInfo.CONFIG_UI_MODE, android.content.pm.ActivityInfo.CONFIG_SCREEN_SIZE, android.content.pm.ActivityInfo.CONFIG_SMALLEST_SCREEN_SIZE, android.content.pm.ActivityInfo.CONFIG_DENSITY, android.content.pm.ActivityInfo.CONFIG_LAYOUT_DIRECTION, android.content.pm.ActivityInfo.CONFIG_COLOR_MODE, android.content.pm.ActivityInfo.CONFIG_FONT_SCALE, android.content.pm.ActivityInfo.CONFIG_GRAMMATICAL_GENDER, android.content.pm.ActivityInfo.CONFIG_FONT_WEIGHT_ADJUSTMENT, android.content.pm.ActivityInfo.CONFIG_ASSETS_PATHS, android.content.pm.ActivityInfo.CONFIG_RESOURCES_UNUSED}" />
      <val name="flag" val="true" />
    </annotation>
  </item>
  <item name="android.content.res.TypedArray int getColor(int, int)">
    <annotation name="androidx.annotation.ColorInt"/>
  </item>
  <item name="android.content.res.TypedArray int getColor(int, int) 0">
    <annotation name="androidx.annotation.StyleableRes"/>
  </item>
  <item name="android.content.res.TypedArray int getColor(int, int) 1">
    <annotation name="androidx.annotation.ColorInt"/>
  </item>
  <item name="android.content.res.TypedArray int getDimensionPixelOffset(int, int) 0">
    <annotation name="androidx.annotation.StyleableRes"/>
  </item>
  <item name="android.content.res.TypedArray int getDimensionPixelSize(int, int) 0">
    <annotation name="androidx.annotation.StyleableRes"/>
  </item>
  <item name="android.content.res.TypedArray int getInt(int, int) 0">
    <annotation name="androidx.annotation.StyleableRes"/>
  </item>
  <item name="android.content.res.TypedArray int getInteger(int, int) 0">
    <annotation name="androidx.annotation.StyleableRes"/>
  </item>
  <item name="android.content.res.TypedArray int getLayoutDimension(int, int) 0">
    <annotation name="androidx.annotation.StyleableRes"/>
  </item>
  <item name="android.content.res.TypedArray int getLayoutDimension(int, java.lang.String) 0">
    <annotation name="androidx.annotation.StyleableRes"/>
  </item>
  <item name="android.content.res.TypedArray int getResourceId(int, int)">
    <annotation name="androidx.annotation.AnyRes"/>
  </item>
  <item name="android.content.res.TypedArray int getResourceId(int, int) 0">
    <annotation name="androidx.annotation.StyleableRes"/>
  </item>
  <item name="android.content.res.TypedArray int getSourceResourceId(int, int)">
    <annotation name="androidx.annotation.AnyRes"/>
  </item>
  <item name="android.content.res.TypedArray int getSourceResourceId(int, int) 0">
    <annotation name="androidx.annotation.StyleableRes"/>
  </item>
  <item name="android.content.res.TypedArray int getSourceResourceId(int, int) 1">
    <annotation name="androidx.annotation.AnyRes"/>
  </item>
  <item name="android.content.res.TypedArray int getType(int) 0">
    <annotation name="androidx.annotation.StyleableRes"/>
  </item>
  <item name="android.content.res.TypedArray java.lang.CharSequence getText(int) 0">
    <annotation name="androidx.annotation.StyleableRes"/>
  </item>
  <item name="android.content.res.TypedArray java.lang.CharSequence[] getTextArray(int) 0">
    <annotation name="androidx.annotation.StyleableRes"/>
  </item>
  <item name="android.content.res.TypedArray java.lang.String getNonResourceString(int) 0">
    <annotation name="androidx.annotation.StyleableRes"/>
  </item>
  <item name="android.content.res.TypedArray java.lang.String getString(int) 0">
    <annotation name="androidx.annotation.StyleableRes"/>
  </item>
</root>

