<?xml version="1.0" encoding="UTF-8"?>
<root>
  <item name="android.health.connect.DeleteMedicalResourcesRequest java.util.Set&lt;java.lang.Integer&gt; getMedicalResourceTypes()">
    <annotation name="androidx.annotation.IntDef">
      <val name="value" val="{android.health.connect.datatypes.MedicalResource.MEDICAL_RESOURCE_TYPE_ALLERGIES_INTOLERANCES, android.health.connect.datatypes.MedicalResource.MEDICAL_RESOURCE_TYPE_CONDITIONS, android.health.connect.datatypes.MedicalResource.MEDICAL_RESOURCE_TYPE_LABORATORY_RESULTS, android.health.connect.datatypes.MedicalResource.MEDICAL_RESOURCE_TYPE_MEDICATIONS, android.health.connect.datatypes.MedicalResource.MEDICAL_RESOURCE_TYPE_PERSONAL_DETAILS, android.health.connect.datatypes.MedicalResource.MEDICAL_RESOURCE_TYPE_PRACTITIONER_DETAILS, android.health.connect.datatypes.MedicalResource.MEDICAL_RESOURCE_TYPE_PREGNANCY, android.health.connect.datatypes.MedicalResource.MEDICAL_RESOURCE_TYPE_PROCEDURES, android.health.connect.datatypes.MedicalResource.MEDICAL_RESOURCE_TYPE_SOCIAL_HISTORY, android.health.connect.datatypes.MedicalResource.MEDICAL_RESOURCE_TYPE_VACCINES, android.health.connect.datatypes.MedicalResource.MEDICAL_RESOURCE_TYPE_VISITS, android.health.connect.datatypes.MedicalResource.MEDICAL_RESOURCE_TYPE_VITAL_SIGNS}" />
    </annotation>
  </item>
  <item name="android.health.connect.DeleteMedicalResourcesRequest.Builder android.health.connect.DeleteMedicalResourcesRequest.Builder addMedicalResourceType(int) 0">
    <annotation name="androidx.annotation.IntDef">
      <val name="value" val="{android.health.connect.datatypes.MedicalResource.MEDICAL_RESOURCE_TYPE_ALLERGIES_INTOLERANCES, android.health.connect.datatypes.MedicalResource.MEDICAL_RESOURCE_TYPE_CONDITIONS, android.health.connect.datatypes.MedicalResource.MEDICAL_RESOURCE_TYPE_LABORATORY_RESULTS, android.health.connect.datatypes.MedicalResource.MEDICAL_RESOURCE_TYPE_MEDICATIONS, android.health.connect.datatypes.MedicalResource.MEDICAL_RESOURCE_TYPE_PERSONAL_DETAILS, android.health.connect.datatypes.MedicalResource.MEDICAL_RESOURCE_TYPE_PRACTITIONER_DETAILS, android.health.connect.datatypes.MedicalResource.MEDICAL_RESOURCE_TYPE_PREGNANCY, android.health.connect.datatypes.MedicalResource.MEDICAL_RESOURCE_TYPE_PROCEDURES, android.health.connect.datatypes.MedicalResource.MEDICAL_RESOURCE_TYPE_SOCIAL_HISTORY, android.health.connect.datatypes.MedicalResource.MEDICAL_RESOURCE_TYPE_VACCINES, android.health.connect.datatypes.MedicalResource.MEDICAL_RESOURCE_TYPE_VISITS, android.health.connect.datatypes.MedicalResource.MEDICAL_RESOURCE_TYPE_VITAL_SIGNS}" />
    </annotation>
  </item>
  <item name="android.health.connect.HealthConnectManager void createMedicalDataSource(android.health.connect.CreateMedicalDataSourceRequest, java.util.concurrent.Executor, android.os.OutcomeReceiver&lt;android.health.connect.datatypes.MedicalDataSource,android.health.connect.HealthConnectException&gt;)">
    <annotation name="androidx.annotation.RequiresPermission">
      <val name="value" val="&quot;android.permission.health.WRITE_MEDICAL_DATA&quot;" />
    </annotation>
  </item>
  <item name="android.health.connect.HealthConnectManager void deleteMedicalDataSourceWithData(java.lang.String, java.util.concurrent.Executor, android.os.OutcomeReceiver&lt;java.lang.Void,android.health.connect.HealthConnectException&gt;)">
    <annotation name="androidx.annotation.RequiresPermission">
      <val name="anyOf" val="{&quot;android.permission.health.WRITE_MEDICAL_DATA&quot;, &quot;android.permission.MANAGE_HEALTH_DATA&quot;}" />
    </annotation>
  </item>
  <item name="android.health.connect.HealthConnectManager void deleteMedicalResources(android.health.connect.DeleteMedicalResourcesRequest, java.util.concurrent.Executor, android.os.OutcomeReceiver&lt;java.lang.Void,android.health.connect.HealthConnectException&gt;)">
    <annotation name="androidx.annotation.RequiresPermission">
      <val name="anyOf" val="{&quot;android.permission.health.WRITE_MEDICAL_DATA&quot;, &quot;android.permission.MANAGE_HEALTH_DATA&quot;}" />
    </annotation>
  </item>
  <item name="android.health.connect.HealthConnectManager void deleteMedicalResources(java.util.List&lt;android.health.connect.MedicalResourceId&gt;, java.util.concurrent.Executor, android.os.OutcomeReceiver&lt;java.lang.Void,android.health.connect.HealthConnectException&gt;)">
    <annotation name="androidx.annotation.RequiresPermission">
      <val name="anyOf" val="{&quot;android.permission.health.WRITE_MEDICAL_DATA&quot;, &quot;android.permission.MANAGE_HEALTH_DATA&quot;}" />
    </annotation>
  </item>
  <item name="android.health.connect.HealthConnectManager void upsertMedicalResources(java.util.List&lt;android.health.connect.UpsertMedicalResourceRequest&gt;, java.util.concurrent.Executor, android.os.OutcomeReceiver&lt;java.util.List&lt;android.health.connect.datatypes.MedicalResource&gt;,android.health.connect.HealthConnectException&gt;)">
    <annotation name="androidx.annotation.RequiresPermission">
      <val name="value" val="&quot;android.permission.health.WRITE_MEDICAL_DATA&quot;" />
    </annotation>
  </item>
  <item name="android.health.connect.MedicalResourceId MedicalResourceId(java.lang.String, int, java.lang.String) 1">
    <annotation name="androidx.annotation.IntDef">
      <val name="value" val="{android.health.connect.datatypes.FhirResource.FHIR_RESOURCE_TYPE_IMMUNIZATION, android.health.connect.datatypes.FhirResource.FHIR_RESOURCE_TYPE_ALLERGY_INTOLERANCE, android.health.connect.datatypes.FhirResource.FHIR_RESOURCE_TYPE_OBSERVATION, android.health.connect.datatypes.FhirResource.FHIR_RESOURCE_TYPE_CONDITION, android.health.connect.datatypes.FhirResource.FHIR_RESOURCE_TYPE_PROCEDURE, android.health.connect.datatypes.FhirResource.FHIR_RESOURCE_TYPE_MEDICATION, android.health.connect.datatypes.FhirResource.FHIR_RESOURCE_TYPE_MEDICATION_REQUEST, android.health.connect.datatypes.FhirResource.FHIR_RESOURCE_TYPE_MEDICATION_STATEMENT, android.health.connect.datatypes.FhirResource.FHIR_RESOURCE_TYPE_PATIENT, android.health.connect.datatypes.FhirResource.FHIR_RESOURCE_TYPE_PRACTITIONER, android.health.connect.datatypes.FhirResource.FHIR_RESOURCE_TYPE_PRACTITIONER_ROLE, android.health.connect.datatypes.FhirResource.FHIR_RESOURCE_TYPE_ENCOUNTER, android.health.connect.datatypes.FhirResource.FHIR_RESOURCE_TYPE_LOCATION, android.health.connect.datatypes.FhirResource.FHIR_RESOURCE_TYPE_ORGANIZATION}" />
    </annotation>
  </item>
  <item name="android.health.connect.MedicalResourceId int getFhirResourceType()">
    <annotation name="androidx.annotation.IntDef">
      <val name="value" val="{android.health.connect.datatypes.FhirResource.FHIR_RESOURCE_TYPE_IMMUNIZATION, android.health.connect.datatypes.FhirResource.FHIR_RESOURCE_TYPE_ALLERGY_INTOLERANCE, android.health.connect.datatypes.FhirResource.FHIR_RESOURCE_TYPE_OBSERVATION, android.health.connect.datatypes.FhirResource.FHIR_RESOURCE_TYPE_CONDITION, android.health.connect.datatypes.FhirResource.FHIR_RESOURCE_TYPE_PROCEDURE, android.health.connect.datatypes.FhirResource.FHIR_RESOURCE_TYPE_MEDICATION, android.health.connect.datatypes.FhirResource.FHIR_RESOURCE_TYPE_MEDICATION_REQUEST, android.health.connect.datatypes.FhirResource.FHIR_RESOURCE_TYPE_MEDICATION_STATEMENT, android.health.connect.datatypes.FhirResource.FHIR_RESOURCE_TYPE_PATIENT, android.health.connect.datatypes.FhirResource.FHIR_RESOURCE_TYPE_PRACTITIONER, android.health.connect.datatypes.FhirResource.FHIR_RESOURCE_TYPE_PRACTITIONER_ROLE, android.health.connect.datatypes.FhirResource.FHIR_RESOURCE_TYPE_ENCOUNTER, android.health.connect.datatypes.FhirResource.FHIR_RESOURCE_TYPE_LOCATION, android.health.connect.datatypes.FhirResource.FHIR_RESOURCE_TYPE_ORGANIZATION}" />
    </annotation>
  </item>
  <item name="android.health.connect.ReadMedicalResourcesInitialRequest int getMedicalResourceType()">
    <annotation name="androidx.annotation.IntDef">
      <val name="value" val="{android.health.connect.datatypes.MedicalResource.MEDICAL_RESOURCE_TYPE_ALLERGIES_INTOLERANCES, android.health.connect.datatypes.MedicalResource.MEDICAL_RESOURCE_TYPE_CONDITIONS, android.health.connect.datatypes.MedicalResource.MEDICAL_RESOURCE_TYPE_LABORATORY_RESULTS, android.health.connect.datatypes.MedicalResource.MEDICAL_RESOURCE_TYPE_MEDICATIONS, android.health.connect.datatypes.MedicalResource.MEDICAL_RESOURCE_TYPE_PERSONAL_DETAILS, android.health.connect.datatypes.MedicalResource.MEDICAL_RESOURCE_TYPE_PRACTITIONER_DETAILS, android.health.connect.datatypes.MedicalResource.MEDICAL_RESOURCE_TYPE_PREGNANCY, android.health.connect.datatypes.MedicalResource.MEDICAL_RESOURCE_TYPE_PROCEDURES, android.health.connect.datatypes.MedicalResource.MEDICAL_RESOURCE_TYPE_SOCIAL_HISTORY, android.health.connect.datatypes.MedicalResource.MEDICAL_RESOURCE_TYPE_VACCINES, android.health.connect.datatypes.MedicalResource.MEDICAL_RESOURCE_TYPE_VISITS, android.health.connect.datatypes.MedicalResource.MEDICAL_RESOURCE_TYPE_VITAL_SIGNS}" />
    </annotation>
  </item>
  <item name="android.health.connect.ReadMedicalResourcesInitialRequest.Builder Builder(int) 0">
    <annotation name="androidx.annotation.IntDef">
      <val name="value" val="{android.health.connect.datatypes.MedicalResource.MEDICAL_RESOURCE_TYPE_ALLERGIES_INTOLERANCES, android.health.connect.datatypes.MedicalResource.MEDICAL_RESOURCE_TYPE_CONDITIONS, android.health.connect.datatypes.MedicalResource.MEDICAL_RESOURCE_TYPE_LABORATORY_RESULTS, android.health.connect.datatypes.MedicalResource.MEDICAL_RESOURCE_TYPE_MEDICATIONS, android.health.connect.datatypes.MedicalResource.MEDICAL_RESOURCE_TYPE_PERSONAL_DETAILS, android.health.connect.datatypes.MedicalResource.MEDICAL_RESOURCE_TYPE_PRACTITIONER_DETAILS, android.health.connect.datatypes.MedicalResource.MEDICAL_RESOURCE_TYPE_PREGNANCY, android.health.connect.datatypes.MedicalResource.MEDICAL_RESOURCE_TYPE_PROCEDURES, android.health.connect.datatypes.MedicalResource.MEDICAL_RESOURCE_TYPE_SOCIAL_HISTORY, android.health.connect.datatypes.MedicalResource.MEDICAL_RESOURCE_TYPE_VACCINES, android.health.connect.datatypes.MedicalResource.MEDICAL_RESOURCE_TYPE_VISITS, android.health.connect.datatypes.MedicalResource.MEDICAL_RESOURCE_TYPE_VITAL_SIGNS}" />
    </annotation>
  </item>
  <item name="android.health.connect.ReadMedicalResourcesInitialRequest.Builder android.health.connect.ReadMedicalResourcesInitialRequest.Builder setMedicalResourceType(int) 0">
    <annotation name="androidx.annotation.IntDef">
      <val name="value" val="{android.health.connect.datatypes.MedicalResource.MEDICAL_RESOURCE_TYPE_ALLERGIES_INTOLERANCES, android.health.connect.datatypes.MedicalResource.MEDICAL_RESOURCE_TYPE_CONDITIONS, android.health.connect.datatypes.MedicalResource.MEDICAL_RESOURCE_TYPE_LABORATORY_RESULTS, android.health.connect.datatypes.MedicalResource.MEDICAL_RESOURCE_TYPE_MEDICATIONS, android.health.connect.datatypes.MedicalResource.MEDICAL_RESOURCE_TYPE_PERSONAL_DETAILS, android.health.connect.datatypes.MedicalResource.MEDICAL_RESOURCE_TYPE_PRACTITIONER_DETAILS, android.health.connect.datatypes.MedicalResource.MEDICAL_RESOURCE_TYPE_PREGNANCY, android.health.connect.datatypes.MedicalResource.MEDICAL_RESOURCE_TYPE_PROCEDURES, android.health.connect.datatypes.MedicalResource.MEDICAL_RESOURCE_TYPE_SOCIAL_HISTORY, android.health.connect.datatypes.MedicalResource.MEDICAL_RESOURCE_TYPE_VACCINES, android.health.connect.datatypes.MedicalResource.MEDICAL_RESOURCE_TYPE_VISITS, android.health.connect.datatypes.MedicalResource.MEDICAL_RESOURCE_TYPE_VITAL_SIGNS}" />
    </annotation>
  </item>
  <item name="android.health.connect.ReadMedicalResourcesInitialRequest.Builder android.health.connect.ReadMedicalResourcesInitialRequest.Builder setPageSize(int) 0">
    <annotation name="androidx.annotation.IntRange">
      <val name="from" val="1" />
      <val name="to" val="5000" />
    </annotation>
  </item>
  <item name="android.health.connect.ReadMedicalResourcesPageRequest.Builder android.health.connect.ReadMedicalResourcesPageRequest.Builder setPageSize(int) 0">
    <annotation name="androidx.annotation.IntRange">
      <val name="from" val="1" />
      <val name="to" val="5000" />
    </annotation>
  </item>
  <item name="android.health.connect.ReadMedicalResourcesRequest int getPageSize()">
    <annotation name="androidx.annotation.IntRange">
      <val name="from" val="1" />
      <val name="to" val="5000" />
    </annotation>
  </item>
  <item name="android.health.connect.ReadRecordsRequestUsingFilters int getPageSize()">
    <annotation name="androidx.annotation.IntRange">
      <val name="from" val="1" />
      <val name="to" val="5000" />
    </annotation>
  </item>
  <item name="android.health.connect.ReadRecordsRequestUsingFilters.Builder android.health.connect.ReadRecordsRequestUsingFilters.Builder&lt;T&gt; setPageSize(int) 0">
    <annotation name="androidx.annotation.IntRange">
      <val name="from" val="1" />
      <val name="to" val="5000" />
    </annotation>
  </item>
</root>

