<?xml version="1.0" encoding="UTF-8"?>
<root>
  <item name="android.telephony.satellite.SatelliteManager void registerStateChangeListener(java.util.concurrent.Executor, android.telephony.satellite.SatelliteStateChangeListener)">
    <annotation name="androidx.annotation.RequiresPermission">
      <val name="anyOf" val="{&quot;android.permission.READ_BASIC_PHONE_STATE&quot;, &quot;android.permission.READ_PRIVILEGED_PHONE_STATE&quot;, &quot;android.permission.READ_PHONE_STATE&quot;, &quot;carrier privileges&quot;}" />
    </annotation>
  </item>
  <item name="android.telephony.satellite.SatelliteManager void unregisterStateChangeListener(android.telephony.satellite.SatelliteStateChangeListener)">
    <annotation name="androidx.annotation.RequiresPermission">
      <val name="anyOf" val="{&quot;android.permission.READ_BASIC_PHONE_STATE&quot;, &quot;android.permission.READ_PRIVILEGED_PHONE_STATE&quot;, &quot;android.permission.READ_PHONE_STATE&quot;, &quot;carrier privileges&quot;}" />
    </annotation>
  </item>
</root>

