<?xml version="1.0" encoding="UTF-8"?>
<root>
  <item name="android.security.advancedprotection.AdvancedProtectionManager boolean isAdvancedProtectionEnabled()">
    <annotation name="androidx.annotation.RequiresPermission">
      <val name="value" val="&quot;android.permission.QUERY_ADVANCED_PROTECTION_MODE&quot;" />
    </annotation>
  </item>
  <item name="android.security.advancedprotection.AdvancedProtectionManager void registerAdvancedProtectionCallback(java.util.concurrent.Executor, android.security.advancedprotection.AdvancedProtectionManager.Callback)">
    <annotation name="androidx.annotation.RequiresPermission">
      <val name="value" val="&quot;android.permission.QUERY_ADVANCED_PROTECTION_MODE&quot;" />
    </annotation>
  </item>
  <item name="android.security.advancedprotection.AdvancedProtectionManager void unregisterAdvancedProtectionCallback(android.security.advancedprotection.AdvancedProtectionManager.Callback)">
    <annotation name="androidx.annotation.RequiresPermission">
      <val name="value" val="&quot;android.permission.QUERY_ADVANCED_PROTECTION_MODE&quot;" />
    </annotation>
  </item>
</root>

