<?xml version="1.0" encoding="UTF-8"?>
<root>
  <item name="android.window.BackEvent BackEvent(float, float, float, int) 3">
    <annotation name="androidx.annotation.IntDef">
      <val name="value" val="{android.window.BackEvent.EDGE_LEFT, android.window.BackEvent.EDGE_RIGHT, android.window.BackEvent.EDGE_NONE}" />
    </annotation>
  </item>
  <item name="android.window.BackEvent BackEvent(float, float, float, int, long) 3">
    <annotation name="androidx.annotation.IntDef">
      <val name="value" val="{android.window.BackEvent.EDGE_LEFT, android.window.BackEvent.EDGE_RIGHT, android.window.BackEvent.EDGE_NONE}" />
    </annotation>
  </item>
  <item name="android.window.BackEvent float getProgress()">
    <annotation name="androidx.annotation.FloatRange">
      <val name="from" val="0" />
      <val name="to" val="1" />
    </annotation>
  </item>
  <item name="android.window.BackEvent int getSwipeEdge()">
    <annotation name="androidx.annotation.IntDef">
      <val name="value" val="{android.window.BackEvent.EDGE_LEFT, android.window.BackEvent.EDGE_RIGHT, android.window.BackEvent.EDGE_NONE}" />
    </annotation>
  </item>
  <item name="android.window.OnBackInvokedDispatcher void registerOnBackInvokedCallback(int, android.window.OnBackInvokedCallback) 0">
    <annotation name="androidx.annotation.IntDef">
      <val name="value" val="{android.window.OnBackInvokedDispatcher.PRIORITY_DEFAULT, android.window.OnBackInvokedDispatcher.PRIORITY_OVERLAY, android.window.OnBackInvokedDispatcher.PRIORITY_SYSTEM_NAVIGATION_OBSERVER}" />
    </annotation>
    <annotation name="androidx.annotation.IntRange">
      <val name="from" val="0" />
    </annotation>
  </item>
  <item name="android.window.SplashScreen void setSplashScreenTheme(int) 0">
    <annotation name="androidx.annotation.StyleRes"/>
  </item>
  <item name="android.window.SplashScreen.OnExitAnimationListener void onSplashScreenExit(android.window.SplashScreenView)">
    <annotation name="androidx.annotation.UiThread"/>
  </item>
  <item name="android.window.SplashScreenView void remove()">
    <annotation name="androidx.annotation.UiThread"/>
  </item>
  <item name="android.window.SurfaceSyncGroup boolean add(android.view.AttachedSurfaceControl, java.lang.Runnable)">
    <annotation name="androidx.annotation.UiThread"/>
  </item>
  <item name="android.window.TrustedPresentationThresholds TrustedPresentationThresholds(float, float, int) 0">
    <annotation name="androidx.annotation.FloatRange">
      <val name="from" val="0.0" />
      <val name="fromInclusive" val="false" />
      <val name="to" val="1.0" />
    </annotation>
  </item>
  <item name="android.window.TrustedPresentationThresholds TrustedPresentationThresholds(float, float, int) 1">
    <annotation name="androidx.annotation.FloatRange">
      <val name="from" val="0.0" />
      <val name="fromInclusive" val="false" />
      <val name="to" val="1.0" />
    </annotation>
  </item>
  <item name="android.window.TrustedPresentationThresholds TrustedPresentationThresholds(float, float, int) 2">
    <annotation name="androidx.annotation.IntRange">
      <val name="from" val="1" />
    </annotation>
  </item>
  <item name="android.window.TrustedPresentationThresholds float getMinAlpha()">
    <annotation name="androidx.annotation.FloatRange">
      <val name="from" val="0.0" />
      <val name="fromInclusive" val="false" />
      <val name="to" val="1.0" />
    </annotation>
  </item>
  <item name="android.window.TrustedPresentationThresholds float getMinFractionRendered()">
    <annotation name="androidx.annotation.FloatRange">
      <val name="from" val="0.0" />
      <val name="fromInclusive" val="false" />
      <val name="to" val="1.0" />
    </annotation>
  </item>
  <item name="android.window.TrustedPresentationThresholds int getStabilityRequirementMillis()">
    <annotation name="androidx.annotation.IntRange">
      <val name="from" val="1" />
    </annotation>
  </item>
</root>

