<?xml version="1.0" encoding="UTF-8"?>
<root>
  <item name="android.appwidget.AppWidgetManager android.widget.RemoteViews getWidgetPreview(android.content.ComponentName, android.os.UserHandle, int) 2">
    <annotation name="androidx.annotation.IntDef">
      <val name="value" val="{android.appwidget.AppWidgetProviderInfo.WIDGET_CATEGORY_HOME_SCREEN, android.appwidget.AppWidgetProviderInfo.WIDGET_CATEGORY_KEYGUARD, android.appwidget.AppWidgetProviderInfo.WIDGET_CATEGORY_SEARCHBOX, android.appwidget.AppWidgetProviderInfo.WIDGET_CATEGORY_NOT_KEYGUARD}" />
      <val name="flag" val="true" />
    </annotation>
  </item>
  <item name="android.appwidget.AppWidgetManager boolean setWidgetPreview(android.content.ComponentName, int, android.widget.RemoteViews) 1">
    <annotation name="androidx.annotation.IntDef">
      <val name="value" val="{android.appwidget.AppWidgetProviderInfo.WIDGET_CATEGORY_HOME_SCREEN, android.appwidget.AppWidgetProviderInfo.WIDGET_CATEGORY_KEYGUARD, android.appwidget.AppWidgetProviderInfo.WIDGET_CATEGORY_SEARCHBOX, android.appwidget.AppWidgetProviderInfo.WIDGET_CATEGORY_NOT_KEYGUARD}" />
      <val name="flag" val="true" />
    </annotation>
  </item>
  <item name="android.appwidget.AppWidgetManager void removeWidgetPreview(android.content.ComponentName, int) 1">
    <annotation name="androidx.annotation.IntDef">
      <val name="value" val="{android.appwidget.AppWidgetProviderInfo.WIDGET_CATEGORY_HOME_SCREEN, android.appwidget.AppWidgetProviderInfo.WIDGET_CATEGORY_KEYGUARD, android.appwidget.AppWidgetProviderInfo.WIDGET_CATEGORY_SEARCHBOX, android.appwidget.AppWidgetProviderInfo.WIDGET_CATEGORY_NOT_KEYGUARD}" />
      <val name="flag" val="true" />
    </annotation>
  </item>
  <item name="android.appwidget.AppWidgetProviderInfo descriptionRes">
    <annotation name="androidx.annotation.IdRes"/>
  </item>
  <item name="android.appwidget.AppWidgetProviderInfo previewLayout">
    <annotation name="androidx.annotation.IdRes"/>
  </item>
  <item name="android.appwidget.AppWidgetProviderInfo resizeMode">
    <annotation name="androidx.annotation.IntDef">
      <val name="value" val="{android.appwidget.AppWidgetProviderInfo.RESIZE_HORIZONTAL, android.appwidget.AppWidgetProviderInfo.RESIZE_VERTICAL}" />
      <val name="flag" val="true" />
    </annotation>
  </item>
  <item name="android.appwidget.AppWidgetProviderInfo widgetCategory">
    <annotation name="androidx.annotation.IntDef">
      <val name="value" val="{android.appwidget.AppWidgetProviderInfo.WIDGET_CATEGORY_HOME_SCREEN, android.appwidget.AppWidgetProviderInfo.WIDGET_CATEGORY_KEYGUARD, android.appwidget.AppWidgetProviderInfo.WIDGET_CATEGORY_SEARCHBOX, android.appwidget.AppWidgetProviderInfo.WIDGET_CATEGORY_NOT_KEYGUARD}" />
      <val name="flag" val="true" />
    </annotation>
  </item>
  <item name="android.appwidget.AppWidgetProviderInfo widgetFeatures">
    <annotation name="androidx.annotation.IntDef">
      <val name="value" val="{android.appwidget.AppWidgetProviderInfo.WIDGET_FEATURE_RECONFIGURABLE, android.appwidget.AppWidgetProviderInfo.WIDGET_FEATURE_HIDE_FROM_PICKER, android.appwidget.AppWidgetProviderInfo.WIDGET_FEATURE_CONFIGURATION_OPTIONAL}" />
      <val name="flag" val="true" />
    </annotation>
  </item>
</root>

