<?xml version="1.0" encoding="UTF-8"?>
<root>
  <item name="android.app.admin.DelegatedAdminReceiver void onNetworkLogsAvailable(android.content.Context, android.content.Intent, long, int) 3">
    <annotation name="androidx.annotation.IntRange">
      <val name="from" val="1" />
    </annotation>
  </item>
  <item name="android.app.admin.DeviceAdminInfo int getHeadlessDeviceOwnerMode()">
    <annotation name="androidx.annotation.IntDef">
      <val name="value" val="{android.app.admin.DeviceAdminInfo.HEADLESS_DEVICE_OWNER_MODE_UNSUPPORTED, android.app.admin.DeviceAdminInfo.HEADLESS_DEVICE_OWNER_MODE_AFFILIATED, android.app.admin.DeviceAdminInfo.HEADLESS_DEVICE_OWNER_MODE_SINGLE_USER}" />
    </annotation>
  </item>
  <item name="android.app.admin.DeviceAdminReceiver void onBugreportFailed(android.content.Context, android.content.Intent, int) 2">
    <annotation name="androidx.annotation.IntDef">
      <val name="value" val="{android.app.admin.DeviceAdminReceiver.BUGREPORT_FAILURE_FAILED_COMPLETING, android.app.admin.DeviceAdminReceiver.BUGREPORT_FAILURE_FILE_NO_LONGER_AVAILABLE}" />
    </annotation>
  </item>
  <item name="android.app.admin.DeviceAdminReceiver void onNetworkLogsAvailable(android.content.Context, android.content.Intent, long, int) 3">
    <annotation name="androidx.annotation.IntRange">
      <val name="from" val="1" />
    </annotation>
  </item>
  <item name="android.app.admin.DeviceAdminReceiver void onOperationSafetyStateChanged(android.content.Context, int, boolean) 1">
    <annotation name="androidx.annotation.IntDef">
      <val name="value" val="{android.app.admin.DevicePolicyManager.OPERATION_SAFETY_REASON_DRIVING_DISTRACTION}" />
    </annotation>
  </item>
  <item name="android.app.admin.DevicePolicyIdentifiers java.lang.String getIdentifierForUserRestriction(java.lang.String) 0">
    <annotation name="androidx.annotation.StringDef">
      <val name="value" val="{android.os.UserManager.ALLOW_PARENT_PROFILE_APP_LINKING, android.os.UserManager.DISALLOW_ADD_MANAGED_PROFILE, android.os.UserManager.DISALLOW_ADD_PRIVATE_PROFILE, android.os.UserManager.DISALLOW_ADD_USER, android.os.UserManager.DISALLOW_ADD_WIFI_CONFIG, android.os.UserManager.DISALLOW_ADJUST_VOLUME, android.os.UserManager.DISALLOW_AIRPLANE_MODE, android.os.UserManager.DISALLOW_AMBIENT_DISPLAY, android.os.UserManager.DISALLOW_APPS_CONTROL, android.os.UserManager.DISALLOW_ASSIST_CONTENT, android.os.UserManager.DISALLOW_AUTOFILL, android.os.UserManager.DISALLOW_BLUETOOTH, android.os.UserManager.DISALLOW_BLUETOOTH_SHARING, android.os.UserManager.DISALLOW_CAMERA_TOGGLE, android.os.UserManager.DISALLOW_CELLULAR_2G, android.os.UserManager.DISALLOW_CHANGE_NEAR_FIELD_COMMUNICATION_RADIO, android.os.UserManager.DISALLOW_CHANGE_WIFI_STATE, android.os.UserManager.DISALLOW_CONFIG_BLUETOOTH, android.os.UserManager.DISALLOW_CONFIG_BRIGHTNESS, android.os.UserManager.DISALLOW_CONFIG_CELL_BROADCASTS, android.os.UserManager.DISALLOW_CONFIG_CREDENTIALS, android.os.UserManager.DISALLOW_CONFIG_DATE_TIME, android.os.UserManager.DISALLOW_CONFIG_DEFAULT_APPS, android.os.UserManager.DISALLOW_CONFIG_LOCALE, android.os.UserManager.DISALLOW_CONFIG_LOCATION, android.os.UserManager.DISALLOW_CONFIG_MOBILE_NETWORKS, android.os.UserManager.DISALLOW_CONFIG_PRIVATE_DNS, android.os.UserManager.DISALLOW_CONFIG_SCREEN_TIMEOUT, android.os.UserManager.DISALLOW_CONFIG_TETHERING, android.os.UserManager.DISALLOW_CONFIG_VPN, android.os.UserManager.DISALLOW_CONFIG_WIFI, android.os.UserManager.DISALLOW_CONTENT_CAPTURE, android.os.UserManager.DISALLOW_CONTENT_SUGGESTIONS, android.os.UserManager.DISALLOW_CREATE_WINDOWS, android.os.UserManager.DISALLOW_CROSS_PROFILE_COPY_PASTE, android.os.UserManager.DISALLOW_DATA_ROAMING, android.os.UserManager.DISALLOW_DEBUGGING_FEATURES, android.os.UserManager.DISALLOW_FACTORY_RESET, android.os.UserManager.DISALLOW_FUN, android.os.UserManager.DISALLOW_GRANT_ADMIN, android.os.UserManager.DISALLOW_INSTALL_APPS, android.os.UserManager.DISALLOW_INSTALL_UNKNOWN_SOURCES, android.os.UserManager.DISALLOW_INSTALL_UNKNOWN_SOURCES_GLOBALLY, android.os.UserManager.DISALLOW_MICROPHONE_TOGGLE, android.os.UserManager.DISALLOW_MODIFY_ACCOUNTS, android.os.UserManager.DISALLOW_MOUNT_PHYSICAL_MEDIA, android.os.UserManager.DISALLOW_NEAR_FIELD_COMMUNICATION_RADIO, android.os.UserManager.DISALLOW_NETWORK_RESET, android.os.UserManager.DISALLOW_OUTGOING_BEAM, android.os.UserManager.DISALLOW_OUTGOING_CALLS, android.os.UserManager.DISALLOW_PRINTING, android.os.UserManager.DISALLOW_REMOVE_MANAGED_PROFILE, android.os.UserManager.DISALLOW_REMOVE_USER, android.os.UserManager.DISALLOW_SAFE_BOOT, android.os.UserManager.DISALLOW_SET_USER_ICON, android.os.UserManager.DISALLOW_SET_WALLPAPER, android.os.UserManager.DISALLOW_SHARE_INTO_MANAGED_PROFILE, android.os.UserManager.DISALLOW_SHARE_LOCATION, android.os.UserManager.DISALLOW_SHARING_ADMIN_CONFIGURED_WIFI, android.os.UserManager.DISALLOW_SIM_GLOBALLY, android.os.UserManager.DISALLOW_SMS, android.os.UserManager.DISALLOW_SYSTEM_ERROR_DIALOGS, android.os.UserManager.DISALLOW_THREAD_NETWORK, android.os.UserManager.DISALLOW_ULTRA_WIDEBAND_RADIO, android.os.UserManager.DISALLOW_UNIFIED_PASSWORD, android.os.UserManager.DISALLOW_UNINSTALL_APPS, android.os.UserManager.DISALLOW_UNMUTE_MICROPHONE, android.os.UserManager.DISALLOW_USB_FILE_TRANSFER, android.os.UserManager.DISALLOW_USER_SWITCH, android.os.UserManager.DISALLOW_WIFI_DIRECT, android.os.UserManager.DISALLOW_WIFI_TETHERING, android.os.UserManager.ENSURE_VERIFY_APPS, android.os.UserManager.KEY_RESTRICTIONS_PENDING}" />
    </annotation>
  </item>
  <item name="android.app.admin.DevicePolicyManager EXTRA_PASSWORD_COMPLEXITY">
    <annotation name="androidx.annotation.RequiresPermission">
      <val name="value" val="&quot;android.permission.REQUEST_PASSWORD_COMPLEXITY&quot;" />
    </annotation>
  </item>
  <item name="android.app.admin.DevicePolicyManager android.app.admin.FactoryResetProtectionPolicy getFactoryResetProtectionPolicy(android.content.ComponentName)">
    <annotation name="androidx.annotation.RequiresPermission">
      <val name="value" val="&quot;android.permission.MANAGE_DEVICE_POLICY_FACTORY_RESET&quot;" />
      <val name="conditional" val="true" />
    </annotation>
  </item>
  <item name="android.app.admin.DevicePolicyManager android.app.admin.SystemUpdateInfo getPendingSystemUpdate(android.content.ComponentName)">
    <annotation name="androidx.annotation.RequiresPermission">
      <val name="value" val="&quot;android.permission.MANAGE_DEVICE_POLICY_QUERY_SYSTEM_UPDATES&quot;" />
      <val name="conditional" val="true" />
    </annotation>
  </item>
  <item name="android.app.admin.DevicePolicyManager android.app.admin.WifiSsidPolicy getWifiSsidPolicy()">
    <annotation name="androidx.annotation.RequiresPermission">
      <val name="value" val="&quot;android.permission.MANAGE_DEVICE_POLICY_WIFI&quot;" />
      <val name="conditional" val="true" />
    </annotation>
  </item>
  <item name="android.app.admin.DevicePolicyManager android.os.Bundle getApplicationRestrictions(android.content.ComponentName, java.lang.String)">
    <annotation name="androidx.annotation.WorkerThread"/>
  </item>
  <item name="android.app.admin.DevicePolicyManager android.os.UserHandle createAndManageUser(android.content.ComponentName, java.lang.String, android.content.ComponentName, android.os.PersistableBundle, int) 4">
    <annotation name="androidx.annotation.IntDef">
      <val name="value" val="{android.app.admin.DevicePolicyManager.SKIP_SETUP_WIZARD, android.app.admin.DevicePolicyManager.MAKE_USER_EPHEMERAL, android.app.admin.DevicePolicyManager.LEAVE_ALL_SYSTEM_APPS_ENABLED}" />
      <val name="flag" val="true" />
    </annotation>
  </item>
  <item name="android.app.admin.DevicePolicyManager android.security.AttestedKeyPair generateKeyPair(android.content.ComponentName, java.lang.String, android.security.keystore.KeyGenParameterSpec, int)">
    <annotation name="androidx.annotation.RequiresPermission">
      <val name="value" val="&quot;android.permission.MANAGE_DEVICE_POLICY_CERTIFICATES&quot;" />
      <val name="conditional" val="true" />
    </annotation>
  </item>
  <item name="android.app.admin.DevicePolicyManager android.security.AttestedKeyPair generateKeyPair(android.content.ComponentName, java.lang.String, android.security.keystore.KeyGenParameterSpec, int) 3">
    <annotation name="androidx.annotation.IntDef">
      <val name="value" val="{android.app.admin.DevicePolicyManager.ID_TYPE_BASE_INFO, android.app.admin.DevicePolicyManager.ID_TYPE_SERIAL, android.app.admin.DevicePolicyManager.ID_TYPE_IMEI, android.app.admin.DevicePolicyManager.ID_TYPE_MEID, android.app.admin.DevicePolicyManager.ID_TYPE_INDIVIDUAL_ATTESTATION}" />
      <val name="flag" val="true" />
    </annotation>
  </item>
  <item name="android.app.admin.DevicePolicyManager boolean addCrossProfileWidgetProvider(android.content.ComponentName, java.lang.String)">
    <annotation name="androidx.annotation.RequiresPermission">
      <val name="value" val="&quot;android.permission.MANAGE_DEVICE_POLICY_PROFILE_INTERACTION&quot;" />
      <val name="conditional" val="true" />
    </annotation>
  </item>
  <item name="android.app.admin.DevicePolicyManager boolean bindDeviceAdminServiceAsUser(android.content.ComponentName, android.content.Intent, android.content.ServiceConnection, int, android.os.UserHandle) 3">
    <annotation name="androidx.annotation.IntDef">
      <val name="value" val="{android.content.Context.BIND_AUTO_CREATE, android.content.Context.BIND_DEBUG_UNBIND, android.content.Context.BIND_NOT_FOREGROUND, android.content.Context.BIND_ABOVE_CLIENT, android.content.Context.BIND_ALLOW_OOM_MANAGEMENT, android.content.Context.BIND_WAIVE_PRIORITY, android.content.Context.BIND_IMPORTANT, android.content.Context.BIND_ADJUST_WITH_ACTIVITY, android.content.Context.BIND_NOT_PERCEPTIBLE, android.content.Context.BIND_ALLOW_ACTIVITY_STARTS, android.content.Context.BIND_INCLUDE_CAPABILITIES, android.content.Context.BIND_SHARED_ISOLATED_PROCESS, android.content.Context.BIND_PACKAGE_ISOLATED_PROCESS, android.content.Context.BIND_EXTERNAL_SERVICE}" />
      <val name="flag" val="true" />
    </annotation>
  </item>
  <item name="android.app.admin.DevicePolicyManager boolean clearResetPasswordToken(android.content.ComponentName)">
    <annotation name="androidx.annotation.RequiresPermission">
      <val name="value" val="&quot;android.permission.MANAGE_DEVICE_POLICY_RESET_PASSWORD&quot;" />
      <val name="conditional" val="true" />
    </annotation>
  </item>
  <item name="android.app.admin.DevicePolicyManager boolean getAutoTimeEnabled(android.content.ComponentName)">
    <annotation name="androidx.annotation.RequiresPermission">
      <val name="anyOf" val="{&quot;android.permission.SET_TIME&quot;, &quot;android.permission.QUERY_ADMIN_POLICY&quot;}" />
      <val name="conditional" val="true" />
    </annotation>
  </item>
  <item name="android.app.admin.DevicePolicyManager boolean getAutoTimeZoneEnabled(android.content.ComponentName)">
    <annotation name="androidx.annotation.RequiresPermission">
      <val name="anyOf" val="{&quot;android.permission.SET_TIME_ZONE&quot;, &quot;android.permission.QUERY_ADMIN_POLICY&quot;}" />
      <val name="conditional" val="true" />
    </annotation>
  </item>
  <item name="android.app.admin.DevicePolicyManager boolean getCameraDisabled(android.content.ComponentName)">
    <annotation name="androidx.annotation.RequiresPermission">
      <val name="value" val="&quot;android.permission.MANAGE_DEVICE_POLICY_CAMERA&quot;" />
      <val name="conditional" val="true" />
    </annotation>
  </item>
  <item name="android.app.admin.DevicePolicyManager boolean hasKeyPair(java.lang.String)">
    <annotation name="androidx.annotation.RequiresPermission">
      <val name="value" val="&quot;android.permission.MANAGE_DEVICE_POLICY_CERTIFICATES&quot;" />
      <val name="conditional" val="true" />
    </annotation>
  </item>
  <item name="android.app.admin.DevicePolicyManager boolean hasLockdownAdminConfiguredNetworks(android.content.ComponentName)">
    <annotation name="androidx.annotation.RequiresPermission">
      <val name="value" val="&quot;android.permission.MANAGE_DEVICE_POLICY_WIFI&quot;" />
      <val name="conditional" val="true" />
    </annotation>
  </item>
  <item name="android.app.admin.DevicePolicyManager boolean installKeyPair(android.content.ComponentName, java.security.PrivateKey, java.security.cert.Certificate, java.lang.String)">
    <annotation name="androidx.annotation.RequiresPermission">
      <val name="value" val="&quot;android.permission.MANAGE_DEVICE_POLICY_CERTIFICATES&quot;" />
      <val name="conditional" val="true" />
    </annotation>
  </item>
  <item name="android.app.admin.DevicePolicyManager boolean installKeyPair(android.content.ComponentName, java.security.PrivateKey, java.security.cert.Certificate[], java.lang.String, boolean)">
    <annotation name="androidx.annotation.RequiresPermission">
      <val name="value" val="&quot;android.permission.MANAGE_DEVICE_POLICY_CERTIFICATES&quot;" />
      <val name="conditional" val="true" />
    </annotation>
  </item>
  <item name="android.app.admin.DevicePolicyManager boolean installKeyPair(android.content.ComponentName, java.security.PrivateKey, java.security.cert.Certificate[], java.lang.String, int)">
    <annotation name="androidx.annotation.RequiresPermission">
      <val name="value" val="&quot;android.permission.MANAGE_DEVICE_POLICY_CERTIFICATES&quot;" />
      <val name="conditional" val="true" />
    </annotation>
  </item>
  <item name="android.app.admin.DevicePolicyManager boolean isActivePasswordSufficient()">
    <annotation name="androidx.annotation.RequiresPermission">
      <val name="value" val="&quot;android.permission.MANAGE_DEVICE_POLICY_LOCK_CREDENTIALS&quot;" />
      <val name="conditional" val="true" />
    </annotation>
  </item>
  <item name="android.app.admin.DevicePolicyManager boolean isApplicationHidden(android.content.ComponentName, java.lang.String)">
    <annotation name="androidx.annotation.RequiresPermission">
      <val name="value" val="&quot;android.permission.MANAGE_DEVICE_POLICY_PACKAGE_STATE&quot;" />
      <val name="conditional" val="true" />
    </annotation>
  </item>
  <item name="android.app.admin.DevicePolicyManager boolean isPackageSuspended(android.content.ComponentName, java.lang.String)">
    <annotation name="androidx.annotation.RequiresPermission">
      <val name="value" val="&quot;android.permission.MANAGE_DEVICE_POLICY_PACKAGE_STATE&quot;" />
      <val name="conditional" val="true" />
    </annotation>
  </item>
  <item name="android.app.admin.DevicePolicyManager boolean isResetPasswordTokenActive(android.content.ComponentName)">
    <annotation name="androidx.annotation.RequiresPermission">
      <val name="value" val="&quot;android.permission.MANAGE_DEVICE_POLICY_RESET_PASSWORD&quot;" />
      <val name="conditional" val="true" />
    </annotation>
  </item>
  <item name="android.app.admin.DevicePolicyManager boolean isSafeOperation(int) 0">
    <annotation name="androidx.annotation.IntDef">
      <val name="value" val="{android.app.admin.DevicePolicyManager.OPERATION_SAFETY_REASON_DRIVING_DISTRACTION}" />
    </annotation>
  </item>
  <item name="android.app.admin.DevicePolicyManager boolean isSecurityLoggingEnabled(android.content.ComponentName)">
    <annotation name="androidx.annotation.RequiresPermission">
      <val name="value" val="&quot;android.permission.MANAGE_DEVICE_POLICY_SECURITY_LOGGING&quot;" />
      <val name="conditional" val="true" />
    </annotation>
  </item>
  <item name="android.app.admin.DevicePolicyManager boolean removeCrossProfileWidgetProvider(android.content.ComponentName, java.lang.String)">
    <annotation name="androidx.annotation.RequiresPermission">
      <val name="value" val="&quot;android.permission.MANAGE_DEVICE_POLICY_PROFILE_INTERACTION&quot;" />
      <val name="conditional" val="true" />
    </annotation>
  </item>
  <item name="android.app.admin.DevicePolicyManager boolean removeKeyPair(android.content.ComponentName, java.lang.String)">
    <annotation name="androidx.annotation.RequiresPermission">
      <val name="value" val="&quot;android.permission.MANAGE_DEVICE_POLICY_CERTIFICATES&quot;" />
      <val name="conditional" val="true" />
    </annotation>
  </item>
  <item name="android.app.admin.DevicePolicyManager boolean resetPasswordWithToken(android.content.ComponentName, java.lang.String, byte[], int)">
    <annotation name="androidx.annotation.RequiresPermission">
      <val name="value" val="&quot;android.permission.MANAGE_DEVICE_POLICY_RESET_PASSWORD&quot;" />
      <val name="conditional" val="true" />
    </annotation>
  </item>
  <item name="android.app.admin.DevicePolicyManager boolean setApplicationHidden(android.content.ComponentName, java.lang.String, boolean)">
    <annotation name="androidx.annotation.RequiresPermission">
      <val name="value" val="&quot;android.permission.MANAGE_DEVICE_POLICY_PACKAGE_STATE&quot;" />
      <val name="conditional" val="true" />
    </annotation>
  </item>
  <item name="android.app.admin.DevicePolicyManager boolean setKeyPairCertificate(android.content.ComponentName, java.lang.String, java.util.List&lt;java.security.cert.Certificate&gt;, boolean)">
    <annotation name="androidx.annotation.RequiresPermission">
      <val name="value" val="&quot;android.permission.MANAGE_DEVICE_POLICY_CERTIFICATES&quot;" />
      <val name="conditional" val="true" />
    </annotation>
  </item>
  <item name="android.app.admin.DevicePolicyManager boolean setPermissionGrantState(android.content.ComponentName, java.lang.String, java.lang.String, int)">
    <annotation name="androidx.annotation.RequiresPermission">
      <val name="value" val="&quot;android.permission.MANAGE_DEVICE_POLICY_RUNTIME_PERMISSIONS&quot;" />
      <val name="conditional" val="true" />
    </annotation>
  </item>
  <item name="android.app.admin.DevicePolicyManager boolean setPermissionGrantState(android.content.ComponentName, java.lang.String, java.lang.String, int) 3">
    <annotation name="androidx.annotation.IntDef">
      <val name="value" val="{android.app.admin.DevicePolicyManager.PERMISSION_GRANT_STATE_DEFAULT, android.app.admin.DevicePolicyManager.PERMISSION_GRANT_STATE_GRANTED, android.app.admin.DevicePolicyManager.PERMISSION_GRANT_STATE_DENIED}" />
    </annotation>
  </item>
  <item name="android.app.admin.DevicePolicyManager boolean setPermittedInputMethods(android.content.ComponentName, java.util.List&lt;java.lang.String&gt;)">
    <annotation name="androidx.annotation.RequiresPermission">
      <val name="value" val="&quot;android.permission.MANAGE_DEVICE_POLICY_INPUT_METHODS&quot;" />
      <val name="conditional" val="true" />
    </annotation>
  </item>
  <item name="android.app.admin.DevicePolicyManager boolean setResetPasswordToken(android.content.ComponentName, byte[])">
    <annotation name="androidx.annotation.RequiresPermission">
      <val name="value" val="&quot;android.permission.MANAGE_DEVICE_POLICY_RESET_PASSWORD&quot;" />
      <val name="conditional" val="true" />
    </annotation>
  </item>
  <item name="android.app.admin.DevicePolicyManager boolean setStatusBarDisabled(android.content.ComponentName, boolean)">
    <annotation name="androidx.annotation.RequiresPermission">
      <val name="value" val="&quot;android.permission.MANAGE_DEVICE_POLICY_STATUS_BAR&quot;" />
      <val name="conditional" val="true" />
    </annotation>
  </item>
  <item name="android.app.admin.DevicePolicyManager boolean setTime(android.content.ComponentName, long)">
    <annotation name="androidx.annotation.RequiresPermission">
      <val name="value" val="&quot;android.permission.SET_TIME&quot;" />
      <val name="conditional" val="true" />
    </annotation>
  </item>
  <item name="android.app.admin.DevicePolicyManager boolean setTimeZone(android.content.ComponentName, java.lang.String)">
    <annotation name="androidx.annotation.RequiresPermission">
      <val name="value" val="&quot;android.permission.SET_TIME_ZONE&quot;" />
      <val name="conditional" val="true" />
    </annotation>
  </item>
  <item name="android.app.admin.DevicePolicyManager int getAppFunctionsPolicy()">
    <annotation name="androidx.annotation.RequiresPermission">
      <val name="value" val="&quot;android.permission.MANAGE_DEVICE_POLICY_APP_FUNCTIONS&quot;" />
      <val name="conditional" val="true" />
    </annotation>
    <annotation name="androidx.annotation.IntDef">
      <val name="value" val="{android.app.admin.DevicePolicyManager.APP_FUNCTIONS_NOT_CONTROLLED_BY_POLICY, android.app.admin.DevicePolicyManager.APP_FUNCTIONS_DISABLED, android.app.admin.DevicePolicyManager.APP_FUNCTIONS_DISABLED_CROSS_PROFILE}" />
    </annotation>
  </item>
  <item name="android.app.admin.DevicePolicyManager int getAutoTimePolicy()">
    <annotation name="androidx.annotation.RequiresPermission">
      <val name="anyOf" val="{&quot;android.permission.SET_TIME&quot;, &quot;android.permission.QUERY_ADMIN_POLICY&quot;}" />
      <val name="conditional" val="true" />
    </annotation>
    <annotation name="androidx.annotation.IntDef">
      <val name="value" val="{android.app.admin.DevicePolicyManager.AUTO_TIME_NOT_CONTROLLED_BY_POLICY, android.app.admin.DevicePolicyManager.AUTO_TIME_DISABLED, android.app.admin.DevicePolicyManager.AUTO_TIME_ENABLED}" />
    </annotation>
  </item>
  <item name="android.app.admin.DevicePolicyManager int getAutoTimeZonePolicy()">
    <annotation name="androidx.annotation.RequiresPermission">
      <val name="anyOf" val="{&quot;android.permission.SET_TIME_ZONE&quot;, &quot;android.permission.QUERY_ADMIN_POLICY&quot;}" />
      <val name="conditional" val="true" />
    </annotation>
    <annotation name="androidx.annotation.IntDef">
      <val name="value" val="{android.app.admin.DevicePolicyManager.AUTO_TIME_ZONE_NOT_CONTROLLED_BY_POLICY, android.app.admin.DevicePolicyManager.AUTO_TIME_ZONE_DISABLED, android.app.admin.DevicePolicyManager.AUTO_TIME_ZONE_ENABLED}" />
    </annotation>
  </item>
  <item name="android.app.admin.DevicePolicyManager int getContentProtectionPolicy(android.content.ComponentName)">
    <annotation name="androidx.annotation.RequiresPermission">
      <val name="value" val="&quot;android.permission.MANAGE_DEVICE_POLICY_CONTENT_PROTECTION&quot;" />
      <val name="conditional" val="true" />
    </annotation>
    <annotation name="androidx.annotation.IntDef">
      <val name="value" val="{android.app.admin.DevicePolicyManager.CONTENT_PROTECTION_NOT_CONTROLLED_BY_POLICY, android.app.admin.DevicePolicyManager.CONTENT_PROTECTION_DISABLED, android.app.admin.DevicePolicyManager.CONTENT_PROTECTION_ENABLED}" />
    </annotation>
  </item>
  <item name="android.app.admin.DevicePolicyManager int getCurrentFailedPasswordAttempts()">
    <annotation name="androidx.annotation.RequiresPermission">
      <val name="value" val="&quot;android.permission.MANAGE_DEVICE_POLICY_LOCK_CREDENTIALS&quot;" />
      <val name="conditional" val="true" />
    </annotation>
  </item>
  <item name="android.app.admin.DevicePolicyManager int getLockTaskFeatures(android.content.ComponentName)">
    <annotation name="androidx.annotation.RequiresPermission">
      <val name="value" val="&quot;android.permission.MANAGE_DEVICE_POLICY_LOCK_TASK&quot;" />
      <val name="conditional" val="true" />
    </annotation>
    <annotation name="androidx.annotation.IntDef">
      <val name="value" val="{android.app.admin.DevicePolicyManager.LOCK_TASK_FEATURE_NONE, android.app.admin.DevicePolicyManager.LOCK_TASK_FEATURE_SYSTEM_INFO, android.app.admin.DevicePolicyManager.LOCK_TASK_FEATURE_NOTIFICATIONS, android.app.admin.DevicePolicyManager.LOCK_TASK_FEATURE_HOME, android.app.admin.DevicePolicyManager.LOCK_TASK_FEATURE_OVERVIEW, android.app.admin.DevicePolicyManager.LOCK_TASK_FEATURE_GLOBAL_ACTIONS, android.app.admin.DevicePolicyManager.LOCK_TASK_FEATURE_KEYGUARD, android.app.admin.DevicePolicyManager.LOCK_TASK_FEATURE_BLOCK_ACTIVITY_START_IN_TASK}" />
      <val name="flag" val="true" />
    </annotation>
  </item>
  <item name="android.app.admin.DevicePolicyManager int getMinimumRequiredWifiSecurityLevel()">
    <annotation name="androidx.annotation.IntDef">
      <val name="value" val="{android.app.admin.DevicePolicyManager.WIFI_SECURITY_OPEN, android.app.admin.DevicePolicyManager.WIFI_SECURITY_PERSONAL, android.app.admin.DevicePolicyManager.WIFI_SECURITY_ENTERPRISE_EAP, android.app.admin.DevicePolicyManager.WIFI_SECURITY_ENTERPRISE_192}" />
    </annotation>
  </item>
  <item name="android.app.admin.DevicePolicyManager int getMtePolicy()">
    <annotation name="androidx.annotation.RequiresPermission">
      <val name="value" val="&quot;android.permission.MANAGE_DEVICE_POLICY_MTE&quot;" />
      <val name="conditional" val="true" />
    </annotation>
    <annotation name="androidx.annotation.IntDef">
      <val name="value" val="{android.app.admin.DevicePolicyManager.MTE_ENABLED, android.app.admin.DevicePolicyManager.MTE_DISABLED, android.app.admin.DevicePolicyManager.MTE_NOT_CONTROLLED_BY_POLICY}" />
    </annotation>
  </item>
  <item name="android.app.admin.DevicePolicyManager int getNearbyAppStreamingPolicy()">
    <annotation name="androidx.annotation.RequiresPermission">
      <val name="value" val="&quot;android.permission.READ_NEARBY_STREAMING_POLICY&quot;" />
      <val name="conditional" val="true" />
    </annotation>
    <annotation name="androidx.annotation.IntDef">
      <val name="value" val="{android.app.admin.DevicePolicyManager.NEARBY_STREAMING_NOT_CONTROLLED_BY_POLICY, android.app.admin.DevicePolicyManager.NEARBY_STREAMING_DISABLED, android.app.admin.DevicePolicyManager.NEARBY_STREAMING_ENABLED, android.app.admin.DevicePolicyManager.NEARBY_STREAMING_SAME_MANAGED_ACCOUNT_ONLY}" />
    </annotation>
  </item>
  <item name="android.app.admin.DevicePolicyManager int getNearbyNotificationStreamingPolicy()">
    <annotation name="androidx.annotation.RequiresPermission">
      <val name="value" val="&quot;android.permission.READ_NEARBY_STREAMING_POLICY&quot;" />
      <val name="conditional" val="true" />
    </annotation>
    <annotation name="androidx.annotation.IntDef">
      <val name="value" val="{android.app.admin.DevicePolicyManager.NEARBY_STREAMING_NOT_CONTROLLED_BY_POLICY, android.app.admin.DevicePolicyManager.NEARBY_STREAMING_DISABLED, android.app.admin.DevicePolicyManager.NEARBY_STREAMING_ENABLED, android.app.admin.DevicePolicyManager.NEARBY_STREAMING_SAME_MANAGED_ACCOUNT_ONLY}" />
    </annotation>
  </item>
  <item name="android.app.admin.DevicePolicyManager int getOrganizationColor(android.content.ComponentName)">
    <annotation name="androidx.annotation.ColorInt"/>
  </item>
  <item name="android.app.admin.DevicePolicyManager int getPasswordComplexity()">
    <annotation name="androidx.annotation.IntDef">
      <val name="value" val="{android.app.admin.DevicePolicyManager.PASSWORD_COMPLEXITY_NONE, android.app.admin.DevicePolicyManager.PASSWORD_COMPLEXITY_LOW, android.app.admin.DevicePolicyManager.PASSWORD_COMPLEXITY_MEDIUM, android.app.admin.DevicePolicyManager.PASSWORD_COMPLEXITY_HIGH}" />
    </annotation>
    <annotation name="androidx.annotation.RequiresPermission">
      <val name="anyOf" val="{&quot;android.permission.MANAGE_DEVICE_POLICY_LOCK_CREDENTIALS&quot;, &quot;android.permission.REQUEST_PASSWORD_COMPLEXITY&quot;}" />
      <val name="conditional" val="true" />
    </annotation>
  </item>
  <item name="android.app.admin.DevicePolicyManager int getPermissionGrantState(android.content.ComponentName, java.lang.String, java.lang.String)">
    <annotation name="androidx.annotation.RequiresPermission">
      <val name="value" val="&quot;android.permission.MANAGE_DEVICE_POLICY_RUNTIME_PERMISSIONS&quot;" />
      <val name="conditional" val="true" />
    </annotation>
    <annotation name="androidx.annotation.IntDef">
      <val name="value" val="{android.app.admin.DevicePolicyManager.PERMISSION_GRANT_STATE_DEFAULT, android.app.admin.DevicePolicyManager.PERMISSION_GRANT_STATE_GRANTED, android.app.admin.DevicePolicyManager.PERMISSION_GRANT_STATE_DENIED}" />
    </annotation>
  </item>
  <item name="android.app.admin.DevicePolicyManager int getPersonalAppsSuspendedReasons(android.content.ComponentName)">
    <annotation name="androidx.annotation.IntDef">
      <val name="value" val="{android.app.admin.DevicePolicyManager.PERSONAL_APPS_NOT_SUSPENDED, android.app.admin.DevicePolicyManager.PERSONAL_APPS_SUSPENDED_EXPLICITLY, android.app.admin.DevicePolicyManager.PERSONAL_APPS_SUSPENDED_PROFILE_TIMEOUT}" />
      <val name="flag" val="true" />
    </annotation>
  </item>
  <item name="android.app.admin.DevicePolicyManager int getRequiredPasswordComplexity()">
    <annotation name="androidx.annotation.IntDef">
      <val name="value" val="{android.app.admin.DevicePolicyManager.PASSWORD_COMPLEXITY_NONE, android.app.admin.DevicePolicyManager.PASSWORD_COMPLEXITY_LOW, android.app.admin.DevicePolicyManager.PASSWORD_COMPLEXITY_MEDIUM, android.app.admin.DevicePolicyManager.PASSWORD_COMPLEXITY_HIGH}" />
    </annotation>
    <annotation name="androidx.annotation.RequiresPermission">
      <val name="value" val="&quot;android.permission.MANAGE_DEVICE_POLICY_LOCK_CREDENTIALS&quot;" />
      <val name="conditional" val="true" />
    </annotation>
  </item>
  <item name="android.app.admin.DevicePolicyManager int logoutUser(android.content.ComponentName)">
    <annotation name="androidx.annotation.IntDef">
      <val name="value" val="{android.os.UserManager.USER_OPERATION_SUCCESS, android.os.UserManager.USER_OPERATION_ERROR_UNKNOWN, android.os.UserManager.USER_OPERATION_ERROR_MANAGED_PROFILE, android.os.UserManager.USER_OPERATION_ERROR_MAX_RUNNING_USERS, android.os.UserManager.USER_OPERATION_ERROR_CURRENT_USER, android.os.UserManager.USER_OPERATION_ERROR_LOW_STORAGE, android.os.UserManager.USER_OPERATION_ERROR_MAX_USERS}" />
    </annotation>
  </item>
  <item name="android.app.admin.DevicePolicyManager int setGlobalPrivateDnsModeOpportunistic(android.content.ComponentName)">
    <annotation name="androidx.annotation.IntDef">
      <val name="value" val="{android.app.admin.DevicePolicyManager.PRIVATE_DNS_SET_NO_ERROR, android.app.admin.DevicePolicyManager.PRIVATE_DNS_SET_ERROR_HOST_NOT_SERVING, android.app.admin.DevicePolicyManager.PRIVATE_DNS_SET_ERROR_FAILURE_SETTING}" />
    </annotation>
  </item>
  <item name="android.app.admin.DevicePolicyManager int setGlobalPrivateDnsModeSpecifiedHost(android.content.ComponentName, java.lang.String)">
    <annotation name="androidx.annotation.WorkerThread"/>
    <annotation name="androidx.annotation.IntDef">
      <val name="value" val="{android.app.admin.DevicePolicyManager.PRIVATE_DNS_SET_NO_ERROR, android.app.admin.DevicePolicyManager.PRIVATE_DNS_SET_ERROR_HOST_NOT_SERVING, android.app.admin.DevicePolicyManager.PRIVATE_DNS_SET_ERROR_FAILURE_SETTING}" />
    </annotation>
  </item>
  <item name="android.app.admin.DevicePolicyManager int startUserInBackground(android.content.ComponentName, android.os.UserHandle)">
    <annotation name="androidx.annotation.IntDef">
      <val name="value" val="{android.os.UserManager.USER_OPERATION_SUCCESS, android.os.UserManager.USER_OPERATION_ERROR_UNKNOWN, android.os.UserManager.USER_OPERATION_ERROR_MANAGED_PROFILE, android.os.UserManager.USER_OPERATION_ERROR_MAX_RUNNING_USERS, android.os.UserManager.USER_OPERATION_ERROR_CURRENT_USER, android.os.UserManager.USER_OPERATION_ERROR_LOW_STORAGE, android.os.UserManager.USER_OPERATION_ERROR_MAX_USERS}" />
    </annotation>
  </item>
  <item name="android.app.admin.DevicePolicyManager int stopUser(android.content.ComponentName, android.os.UserHandle)">
    <annotation name="androidx.annotation.IntDef">
      <val name="value" val="{android.os.UserManager.USER_OPERATION_SUCCESS, android.os.UserManager.USER_OPERATION_ERROR_UNKNOWN, android.os.UserManager.USER_OPERATION_ERROR_MANAGED_PROFILE, android.os.UserManager.USER_OPERATION_ERROR_MAX_RUNNING_USERS, android.os.UserManager.USER_OPERATION_ERROR_CURRENT_USER, android.os.UserManager.USER_OPERATION_ERROR_LOW_STORAGE, android.os.UserManager.USER_OPERATION_ERROR_MAX_USERS}" />
    </annotation>
  </item>
  <item name="android.app.admin.DevicePolicyManager java.lang.CharSequence getOrganizationName(android.content.ComponentName)">
    <annotation name="androidx.annotation.RequiresPermission">
      <val name="value" val="&quot;android.permission.MANAGE_DEVICE_POLICY_ORGANIZATION_IDENTITY&quot;" />
      <val name="conditional" val="true" />
    </annotation>
  </item>
  <item name="android.app.admin.DevicePolicyManager java.lang.CharSequence getShortSupportMessage(android.content.ComponentName)">
    <annotation name="androidx.annotation.RequiresPermission">
      <val name="value" val="&quot;android.permission.MANAGE_DEVICE_POLICY_SUPPORT_MESSAGE&quot;" />
      <val name="conditional" val="true" />
    </annotation>
  </item>
  <item name="android.app.admin.DevicePolicyManager java.lang.String getEnrollmentSpecificId()">
    <annotation name="androidx.annotation.RequiresPermission">
      <val name="value" val="&quot;android.permission.MANAGE_DEVICE_POLICY_CERTIFICATES&quot;" />
      <val name="conditional" val="true" />
    </annotation>
  </item>
  <item name="android.app.admin.DevicePolicyManager java.lang.String[] getLockTaskPackages(android.content.ComponentName)">
    <annotation name="androidx.annotation.RequiresPermission">
      <val name="value" val="&quot;android.permission.MANAGE_DEVICE_POLICY_LOCK_TASK&quot;" />
      <val name="conditional" val="true" />
    </annotation>
  </item>
  <item name="android.app.admin.DevicePolicyManager java.lang.String[] setPackagesSuspended(android.content.ComponentName, java.lang.String[], boolean)">
    <annotation name="androidx.annotation.RequiresPermission">
      <val name="value" val="&quot;android.permission.MANAGE_DEVICE_POLICY_PACKAGE_STATE&quot;" />
      <val name="conditional" val="true" />
    </annotation>
  </item>
  <item name="android.app.admin.DevicePolicyManager java.util.List&lt;android.app.admin.SecurityLog.SecurityEvent&gt; retrievePreRebootSecurityLogs(android.content.ComponentName)">
    <annotation name="androidx.annotation.RequiresPermission">
      <val name="value" val="&quot;android.permission.MANAGE_DEVICE_POLICY_SECURITY_LOGGING&quot;" />
      <val name="conditional" val="true" />
    </annotation>
  </item>
  <item name="android.app.admin.DevicePolicyManager java.util.List&lt;android.app.admin.SecurityLog.SecurityEvent&gt; retrieveSecurityLogs(android.content.ComponentName)">
    <annotation name="androidx.annotation.RequiresPermission">
      <val name="value" val="&quot;android.permission.MANAGE_DEVICE_POLICY_SECURITY_LOGGING&quot;" />
      <val name="conditional" val="true" />
    </annotation>
  </item>
  <item name="android.app.admin.DevicePolicyManager java.util.List&lt;java.lang.String&gt; getCrossProfileWidgetProviders(android.content.ComponentName)">
    <annotation name="androidx.annotation.RequiresPermission">
      <val name="value" val="&quot;android.permission.MANAGE_DEVICE_POLICY_PROFILE_INTERACTION&quot;" />
      <val name="conditional" val="true" />
    </annotation>
  </item>
  <item name="android.app.admin.DevicePolicyManager java.util.List&lt;java.lang.String&gt; getPermittedInputMethods(android.content.ComponentName)">
    <annotation name="androidx.annotation.RequiresPermission">
      <val name="value" val="&quot;android.permission.MANAGE_DEVICE_POLICY_INPUT_METHODS&quot;" />
      <val name="conditional" val="true" />
    </annotation>
  </item>
  <item name="android.app.admin.DevicePolicyManager java.util.List&lt;java.lang.String&gt; getUserControlDisabledPackages(android.content.ComponentName)">
    <annotation name="androidx.annotation.RequiresPermission">
      <val name="value" val="&quot;android.permission.MANAGE_DEVICE_POLICY_APPS_CONTROL&quot;" />
      <val name="conditional" val="true" />
    </annotation>
  </item>
  <item name="android.app.admin.DevicePolicyManager java.util.Set&lt;java.lang.Integer&gt; getSubscriptionIds()">
    <annotation name="androidx.annotation.RequiresPermission">
      <val name="value" val="&quot;android.permission.MANAGE_DEVICE_POLICY_MANAGED_SUBSCRIPTIONS&quot;" />
    </annotation>
  </item>
  <item name="android.app.admin.DevicePolicyManager void addCrossProfileIntentFilter(android.content.ComponentName, android.content.IntentFilter, int)">
    <annotation name="androidx.annotation.RequiresPermission">
      <val name="value" val="&quot;android.permission.MANAGE_DEVICE_POLICY_PROFILE_INTERACTION&quot;" />
      <val name="conditional" val="true" />
    </annotation>
  </item>
  <item name="android.app.admin.DevicePolicyManager void addPersistentPreferredActivity(android.content.ComponentName, android.content.IntentFilter, android.content.ComponentName)">
    <annotation name="androidx.annotation.RequiresPermission">
      <val name="value" val="&quot;android.permission.MANAGE_DEVICE_POLICY_LOCK_TASK&quot;" />
      <val name="conditional" val="true" />
    </annotation>
  </item>
  <item name="android.app.admin.DevicePolicyManager void addUserRestriction(android.content.ComponentName, java.lang.String) 1">
    <annotation name="androidx.annotation.StringDef">
      <val name="value" val="{android.os.UserManager.ALLOW_PARENT_PROFILE_APP_LINKING, android.os.UserManager.DISALLOW_ADD_MANAGED_PROFILE, android.os.UserManager.DISALLOW_ADD_PRIVATE_PROFILE, android.os.UserManager.DISALLOW_ADD_USER, android.os.UserManager.DISALLOW_ADD_WIFI_CONFIG, android.os.UserManager.DISALLOW_ADJUST_VOLUME, android.os.UserManager.DISALLOW_AIRPLANE_MODE, android.os.UserManager.DISALLOW_AMBIENT_DISPLAY, android.os.UserManager.DISALLOW_APPS_CONTROL, android.os.UserManager.DISALLOW_ASSIST_CONTENT, android.os.UserManager.DISALLOW_AUTOFILL, android.os.UserManager.DISALLOW_BLUETOOTH, android.os.UserManager.DISALLOW_BLUETOOTH_SHARING, android.os.UserManager.DISALLOW_CAMERA_TOGGLE, android.os.UserManager.DISALLOW_CELLULAR_2G, android.os.UserManager.DISALLOW_CHANGE_NEAR_FIELD_COMMUNICATION_RADIO, android.os.UserManager.DISALLOW_CHANGE_WIFI_STATE, android.os.UserManager.DISALLOW_CONFIG_BLUETOOTH, android.os.UserManager.DISALLOW_CONFIG_BRIGHTNESS, android.os.UserManager.DISALLOW_CONFIG_CELL_BROADCASTS, android.os.UserManager.DISALLOW_CONFIG_CREDENTIALS, android.os.UserManager.DISALLOW_CONFIG_DATE_TIME, android.os.UserManager.DISALLOW_CONFIG_DEFAULT_APPS, android.os.UserManager.DISALLOW_CONFIG_LOCALE, android.os.UserManager.DISALLOW_CONFIG_LOCATION, android.os.UserManager.DISALLOW_CONFIG_MOBILE_NETWORKS, android.os.UserManager.DISALLOW_CONFIG_PRIVATE_DNS, android.os.UserManager.DISALLOW_CONFIG_SCREEN_TIMEOUT, android.os.UserManager.DISALLOW_CONFIG_TETHERING, android.os.UserManager.DISALLOW_CONFIG_VPN, android.os.UserManager.DISALLOW_CONFIG_WIFI, android.os.UserManager.DISALLOW_CONTENT_CAPTURE, android.os.UserManager.DISALLOW_CONTENT_SUGGESTIONS, android.os.UserManager.DISALLOW_CREATE_WINDOWS, android.os.UserManager.DISALLOW_CROSS_PROFILE_COPY_PASTE, android.os.UserManager.DISALLOW_DATA_ROAMING, android.os.UserManager.DISALLOW_DEBUGGING_FEATURES, android.os.UserManager.DISALLOW_FACTORY_RESET, android.os.UserManager.DISALLOW_FUN, android.os.UserManager.DISALLOW_GRANT_ADMIN, android.os.UserManager.DISALLOW_INSTALL_APPS, android.os.UserManager.DISALLOW_INSTALL_UNKNOWN_SOURCES, android.os.UserManager.DISALLOW_INSTALL_UNKNOWN_SOURCES_GLOBALLY, android.os.UserManager.DISALLOW_MICROPHONE_TOGGLE, android.os.UserManager.DISALLOW_MODIFY_ACCOUNTS, android.os.UserManager.DISALLOW_MOUNT_PHYSICAL_MEDIA, android.os.UserManager.DISALLOW_NEAR_FIELD_COMMUNICATION_RADIO, android.os.UserManager.DISALLOW_NETWORK_RESET, android.os.UserManager.DISALLOW_OUTGOING_BEAM, android.os.UserManager.DISALLOW_OUTGOING_CALLS, android.os.UserManager.DISALLOW_PRINTING, android.os.UserManager.DISALLOW_REMOVE_MANAGED_PROFILE, android.os.UserManager.DISALLOW_REMOVE_USER, android.os.UserManager.DISALLOW_SAFE_BOOT, android.os.UserManager.DISALLOW_SET_USER_ICON, android.os.UserManager.DISALLOW_SET_WALLPAPER, android.os.UserManager.DISALLOW_SHARE_INTO_MANAGED_PROFILE, android.os.UserManager.DISALLOW_SHARE_LOCATION, android.os.UserManager.DISALLOW_SHARING_ADMIN_CONFIGURED_WIFI, android.os.UserManager.DISALLOW_SIM_GLOBALLY, android.os.UserManager.DISALLOW_SMS, android.os.UserManager.DISALLOW_SYSTEM_ERROR_DIALOGS, android.os.UserManager.DISALLOW_THREAD_NETWORK, android.os.UserManager.DISALLOW_ULTRA_WIDEBAND_RADIO, android.os.UserManager.DISALLOW_UNIFIED_PASSWORD, android.os.UserManager.DISALLOW_UNINSTALL_APPS, android.os.UserManager.DISALLOW_UNMUTE_MICROPHONE, android.os.UserManager.DISALLOW_USB_FILE_TRANSFER, android.os.UserManager.DISALLOW_USER_SWITCH, android.os.UserManager.DISALLOW_WIFI_DIRECT, android.os.UserManager.DISALLOW_WIFI_TETHERING, android.os.UserManager.ENSURE_VERIFY_APPS, android.os.UserManager.KEY_RESTRICTIONS_PENDING}" />
    </annotation>
  </item>
  <item name="android.app.admin.DevicePolicyManager void addUserRestrictionGlobally(java.lang.String) 0">
    <annotation name="androidx.annotation.StringDef">
      <val name="value" val="{android.os.UserManager.ALLOW_PARENT_PROFILE_APP_LINKING, android.os.UserManager.DISALLOW_ADD_MANAGED_PROFILE, android.os.UserManager.DISALLOW_ADD_PRIVATE_PROFILE, android.os.UserManager.DISALLOW_ADD_USER, android.os.UserManager.DISALLOW_ADD_WIFI_CONFIG, android.os.UserManager.DISALLOW_ADJUST_VOLUME, android.os.UserManager.DISALLOW_AIRPLANE_MODE, android.os.UserManager.DISALLOW_AMBIENT_DISPLAY, android.os.UserManager.DISALLOW_APPS_CONTROL, android.os.UserManager.DISALLOW_ASSIST_CONTENT, android.os.UserManager.DISALLOW_AUTOFILL, android.os.UserManager.DISALLOW_BLUETOOTH, android.os.UserManager.DISALLOW_BLUETOOTH_SHARING, android.os.UserManager.DISALLOW_CAMERA_TOGGLE, android.os.UserManager.DISALLOW_CELLULAR_2G, android.os.UserManager.DISALLOW_CHANGE_NEAR_FIELD_COMMUNICATION_RADIO, android.os.UserManager.DISALLOW_CHANGE_WIFI_STATE, android.os.UserManager.DISALLOW_CONFIG_BLUETOOTH, android.os.UserManager.DISALLOW_CONFIG_BRIGHTNESS, android.os.UserManager.DISALLOW_CONFIG_CELL_BROADCASTS, android.os.UserManager.DISALLOW_CONFIG_CREDENTIALS, android.os.UserManager.DISALLOW_CONFIG_DATE_TIME, android.os.UserManager.DISALLOW_CONFIG_DEFAULT_APPS, android.os.UserManager.DISALLOW_CONFIG_LOCALE, android.os.UserManager.DISALLOW_CONFIG_LOCATION, android.os.UserManager.DISALLOW_CONFIG_MOBILE_NETWORKS, android.os.UserManager.DISALLOW_CONFIG_PRIVATE_DNS, android.os.UserManager.DISALLOW_CONFIG_SCREEN_TIMEOUT, android.os.UserManager.DISALLOW_CONFIG_TETHERING, android.os.UserManager.DISALLOW_CONFIG_VPN, android.os.UserManager.DISALLOW_CONFIG_WIFI, android.os.UserManager.DISALLOW_CONTENT_CAPTURE, android.os.UserManager.DISALLOW_CONTENT_SUGGESTIONS, android.os.UserManager.DISALLOW_CREATE_WINDOWS, android.os.UserManager.DISALLOW_CROSS_PROFILE_COPY_PASTE, android.os.UserManager.DISALLOW_DATA_ROAMING, android.os.UserManager.DISALLOW_DEBUGGING_FEATURES, android.os.UserManager.DISALLOW_FACTORY_RESET, android.os.UserManager.DISALLOW_FUN, android.os.UserManager.DISALLOW_GRANT_ADMIN, android.os.UserManager.DISALLOW_INSTALL_APPS, android.os.UserManager.DISALLOW_INSTALL_UNKNOWN_SOURCES, android.os.UserManager.DISALLOW_INSTALL_UNKNOWN_SOURCES_GLOBALLY, android.os.UserManager.DISALLOW_MICROPHONE_TOGGLE, android.os.UserManager.DISALLOW_MODIFY_ACCOUNTS, android.os.UserManager.DISALLOW_MOUNT_PHYSICAL_MEDIA, android.os.UserManager.DISALLOW_NEAR_FIELD_COMMUNICATION_RADIO, android.os.UserManager.DISALLOW_NETWORK_RESET, android.os.UserManager.DISALLOW_OUTGOING_BEAM, android.os.UserManager.DISALLOW_OUTGOING_CALLS, android.os.UserManager.DISALLOW_PRINTING, android.os.UserManager.DISALLOW_REMOVE_MANAGED_PROFILE, android.os.UserManager.DISALLOW_REMOVE_USER, android.os.UserManager.DISALLOW_SAFE_BOOT, android.os.UserManager.DISALLOW_SET_USER_ICON, android.os.UserManager.DISALLOW_SET_WALLPAPER, android.os.UserManager.DISALLOW_SHARE_INTO_MANAGED_PROFILE, android.os.UserManager.DISALLOW_SHARE_LOCATION, android.os.UserManager.DISALLOW_SHARING_ADMIN_CONFIGURED_WIFI, android.os.UserManager.DISALLOW_SIM_GLOBALLY, android.os.UserManager.DISALLOW_SMS, android.os.UserManager.DISALLOW_SYSTEM_ERROR_DIALOGS, android.os.UserManager.DISALLOW_THREAD_NETWORK, android.os.UserManager.DISALLOW_ULTRA_WIDEBAND_RADIO, android.os.UserManager.DISALLOW_UNIFIED_PASSWORD, android.os.UserManager.DISALLOW_UNINSTALL_APPS, android.os.UserManager.DISALLOW_UNMUTE_MICROPHONE, android.os.UserManager.DISALLOW_USB_FILE_TRANSFER, android.os.UserManager.DISALLOW_USER_SWITCH, android.os.UserManager.DISALLOW_WIFI_DIRECT, android.os.UserManager.DISALLOW_WIFI_TETHERING, android.os.UserManager.ENSURE_VERIFY_APPS, android.os.UserManager.KEY_RESTRICTIONS_PENDING}" />
    </annotation>
  </item>
  <item name="android.app.admin.DevicePolicyManager void clearCrossProfileIntentFilters(android.content.ComponentName)">
    <annotation name="androidx.annotation.RequiresPermission">
      <val name="value" val="&quot;android.permission.MANAGE_DEVICE_POLICY_PROFILE_INTERACTION&quot;" />
      <val name="conditional" val="true" />
    </annotation>
  </item>
  <item name="android.app.admin.DevicePolicyManager void clearPackagePersistentPreferredActivities(android.content.ComponentName, java.lang.String)">
    <annotation name="androidx.annotation.RequiresPermission">
      <val name="value" val="&quot;android.permission.MANAGE_DEVICE_POLICY_LOCK_TASK&quot;" />
      <val name="conditional" val="true" />
    </annotation>
  </item>
  <item name="android.app.admin.DevicePolicyManager void clearUserRestriction(android.content.ComponentName, java.lang.String) 1">
    <annotation name="androidx.annotation.StringDef">
      <val name="value" val="{android.os.UserManager.ALLOW_PARENT_PROFILE_APP_LINKING, android.os.UserManager.DISALLOW_ADD_MANAGED_PROFILE, android.os.UserManager.DISALLOW_ADD_PRIVATE_PROFILE, android.os.UserManager.DISALLOW_ADD_USER, android.os.UserManager.DISALLOW_ADD_WIFI_CONFIG, android.os.UserManager.DISALLOW_ADJUST_VOLUME, android.os.UserManager.DISALLOW_AIRPLANE_MODE, android.os.UserManager.DISALLOW_AMBIENT_DISPLAY, android.os.UserManager.DISALLOW_APPS_CONTROL, android.os.UserManager.DISALLOW_ASSIST_CONTENT, android.os.UserManager.DISALLOW_AUTOFILL, android.os.UserManager.DISALLOW_BLUETOOTH, android.os.UserManager.DISALLOW_BLUETOOTH_SHARING, android.os.UserManager.DISALLOW_CAMERA_TOGGLE, android.os.UserManager.DISALLOW_CELLULAR_2G, android.os.UserManager.DISALLOW_CHANGE_NEAR_FIELD_COMMUNICATION_RADIO, android.os.UserManager.DISALLOW_CHANGE_WIFI_STATE, android.os.UserManager.DISALLOW_CONFIG_BLUETOOTH, android.os.UserManager.DISALLOW_CONFIG_BRIGHTNESS, android.os.UserManager.DISALLOW_CONFIG_CELL_BROADCASTS, android.os.UserManager.DISALLOW_CONFIG_CREDENTIALS, android.os.UserManager.DISALLOW_CONFIG_DATE_TIME, android.os.UserManager.DISALLOW_CONFIG_DEFAULT_APPS, android.os.UserManager.DISALLOW_CONFIG_LOCALE, android.os.UserManager.DISALLOW_CONFIG_LOCATION, android.os.UserManager.DISALLOW_CONFIG_MOBILE_NETWORKS, android.os.UserManager.DISALLOW_CONFIG_PRIVATE_DNS, android.os.UserManager.DISALLOW_CONFIG_SCREEN_TIMEOUT, android.os.UserManager.DISALLOW_CONFIG_TETHERING, android.os.UserManager.DISALLOW_CONFIG_VPN, android.os.UserManager.DISALLOW_CONFIG_WIFI, android.os.UserManager.DISALLOW_CONTENT_CAPTURE, android.os.UserManager.DISALLOW_CONTENT_SUGGESTIONS, android.os.UserManager.DISALLOW_CREATE_WINDOWS, android.os.UserManager.DISALLOW_CROSS_PROFILE_COPY_PASTE, android.os.UserManager.DISALLOW_DATA_ROAMING, android.os.UserManager.DISALLOW_DEBUGGING_FEATURES, android.os.UserManager.DISALLOW_FACTORY_RESET, android.os.UserManager.DISALLOW_FUN, android.os.UserManager.DISALLOW_GRANT_ADMIN, android.os.UserManager.DISALLOW_INSTALL_APPS, android.os.UserManager.DISALLOW_INSTALL_UNKNOWN_SOURCES, android.os.UserManager.DISALLOW_INSTALL_UNKNOWN_SOURCES_GLOBALLY, android.os.UserManager.DISALLOW_MICROPHONE_TOGGLE, android.os.UserManager.DISALLOW_MODIFY_ACCOUNTS, android.os.UserManager.DISALLOW_MOUNT_PHYSICAL_MEDIA, android.os.UserManager.DISALLOW_NEAR_FIELD_COMMUNICATION_RADIO, android.os.UserManager.DISALLOW_NETWORK_RESET, android.os.UserManager.DISALLOW_OUTGOING_BEAM, android.os.UserManager.DISALLOW_OUTGOING_CALLS, android.os.UserManager.DISALLOW_PRINTING, android.os.UserManager.DISALLOW_REMOVE_MANAGED_PROFILE, android.os.UserManager.DISALLOW_REMOVE_USER, android.os.UserManager.DISALLOW_SAFE_BOOT, android.os.UserManager.DISALLOW_SET_USER_ICON, android.os.UserManager.DISALLOW_SET_WALLPAPER, android.os.UserManager.DISALLOW_SHARE_INTO_MANAGED_PROFILE, android.os.UserManager.DISALLOW_SHARE_LOCATION, android.os.UserManager.DISALLOW_SHARING_ADMIN_CONFIGURED_WIFI, android.os.UserManager.DISALLOW_SIM_GLOBALLY, android.os.UserManager.DISALLOW_SMS, android.os.UserManager.DISALLOW_SYSTEM_ERROR_DIALOGS, android.os.UserManager.DISALLOW_THREAD_NETWORK, android.os.UserManager.DISALLOW_ULTRA_WIDEBAND_RADIO, android.os.UserManager.DISALLOW_UNIFIED_PASSWORD, android.os.UserManager.DISALLOW_UNINSTALL_APPS, android.os.UserManager.DISALLOW_UNMUTE_MICROPHONE, android.os.UserManager.DISALLOW_USB_FILE_TRANSFER, android.os.UserManager.DISALLOW_USER_SWITCH, android.os.UserManager.DISALLOW_WIFI_DIRECT, android.os.UserManager.DISALLOW_WIFI_TETHERING, android.os.UserManager.ENSURE_VERIFY_APPS, android.os.UserManager.KEY_RESTRICTIONS_PENDING}" />
    </annotation>
  </item>
  <item name="android.app.admin.DevicePolicyManager void installSystemUpdate(android.content.ComponentName, android.net.Uri, java.util.concurrent.Executor, android.app.admin.DevicePolicyManager.InstallSystemUpdateCallback)">
    <annotation name="androidx.annotation.RequiresPermission">
      <val name="value" val="&quot;android.permission.MANAGE_DEVICE_POLICY_SYSTEM_UPDATES&quot;" />
      <val name="conditional" val="true" />
    </annotation>
  </item>
  <item name="android.app.admin.DevicePolicyManager void lockNow()">
    <annotation name="androidx.annotation.RequiresPermission">
      <val name="value" val="&quot;android.permission.LOCK_DEVICE&quot;" />
      <val name="conditional" val="true" />
    </annotation>
  </item>
  <item name="android.app.admin.DevicePolicyManager void lockNow(int)">
    <annotation name="androidx.annotation.RequiresPermission">
      <val name="value" val="&quot;android.permission.LOCK_DEVICE&quot;" />
      <val name="conditional" val="true" />
    </annotation>
  </item>
  <item name="android.app.admin.DevicePolicyManager void lockNow(int) 0">
    <annotation name="androidx.annotation.IntDef">
      <val name="value" val="{android.app.admin.DevicePolicyManager.FLAG_EVICT_CREDENTIAL_ENCRYPTION_KEY}" />
      <val name="flag" val="true" />
    </annotation>
  </item>
  <item name="android.app.admin.DevicePolicyManager void setAccountManagementDisabled(android.content.ComponentName, java.lang.String, boolean)">
    <annotation name="androidx.annotation.RequiresPermission">
      <val name="value" val="&quot;android.permission.MANAGE_DEVICE_POLICY_ACCOUNT_MANAGEMENT&quot;" />
      <val name="conditional" val="true" />
    </annotation>
  </item>
  <item name="android.app.admin.DevicePolicyManager void setAppFunctionsPolicy(int)">
    <annotation name="androidx.annotation.RequiresPermission">
      <val name="value" val="&quot;android.permission.MANAGE_DEVICE_POLICY_APP_FUNCTIONS&quot;" />
      <val name="conditional" val="true" />
    </annotation>
  </item>
  <item name="android.app.admin.DevicePolicyManager void setAppFunctionsPolicy(int) 0">
    <annotation name="androidx.annotation.IntDef">
      <val name="value" val="{android.app.admin.DevicePolicyManager.APP_FUNCTIONS_NOT_CONTROLLED_BY_POLICY, android.app.admin.DevicePolicyManager.APP_FUNCTIONS_DISABLED, android.app.admin.DevicePolicyManager.APP_FUNCTIONS_DISABLED_CROSS_PROFILE}" />
    </annotation>
  </item>
  <item name="android.app.admin.DevicePolicyManager void setApplicationRestrictions(android.content.ComponentName, java.lang.String, android.os.Bundle)">
    <annotation name="androidx.annotation.WorkerThread"/>
  </item>
  <item name="android.app.admin.DevicePolicyManager void setAutoTimeEnabled(android.content.ComponentName, boolean)">
    <annotation name="androidx.annotation.RequiresPermission">
      <val name="value" val="&quot;android.permission.SET_TIME&quot;" />
      <val name="conditional" val="true" />
    </annotation>
  </item>
  <item name="android.app.admin.DevicePolicyManager void setAutoTimePolicy(int)">
    <annotation name="androidx.annotation.RequiresPermission">
      <val name="value" val="&quot;android.permission.SET_TIME&quot;" />
      <val name="conditional" val="true" />
    </annotation>
  </item>
  <item name="android.app.admin.DevicePolicyManager void setAutoTimePolicy(int) 0">
    <annotation name="androidx.annotation.IntDef">
      <val name="value" val="{android.app.admin.DevicePolicyManager.AUTO_TIME_NOT_CONTROLLED_BY_POLICY, android.app.admin.DevicePolicyManager.AUTO_TIME_DISABLED, android.app.admin.DevicePolicyManager.AUTO_TIME_ENABLED}" />
    </annotation>
  </item>
  <item name="android.app.admin.DevicePolicyManager void setAutoTimeZoneEnabled(android.content.ComponentName, boolean)">
    <annotation name="androidx.annotation.RequiresPermission">
      <val name="value" val="&quot;android.permission.SET_TIME_ZONE&quot;" />
      <val name="conditional" val="true" />
    </annotation>
  </item>
  <item name="android.app.admin.DevicePolicyManager void setAutoTimeZonePolicy(int)">
    <annotation name="androidx.annotation.RequiresPermission">
      <val name="value" val="&quot;android.permission.SET_TIME_ZONE&quot;" />
      <val name="conditional" val="true" />
    </annotation>
  </item>
  <item name="android.app.admin.DevicePolicyManager void setAutoTimeZonePolicy(int) 0">
    <annotation name="androidx.annotation.IntDef">
      <val name="value" val="{android.app.admin.DevicePolicyManager.AUTO_TIME_ZONE_NOT_CONTROLLED_BY_POLICY, android.app.admin.DevicePolicyManager.AUTO_TIME_ZONE_DISABLED, android.app.admin.DevicePolicyManager.AUTO_TIME_ZONE_ENABLED}" />
    </annotation>
  </item>
  <item name="android.app.admin.DevicePolicyManager void setCameraDisabled(android.content.ComponentName, boolean)">
    <annotation name="androidx.annotation.RequiresPermission">
      <val name="value" val="&quot;android.permission.MANAGE_DEVICE_POLICY_CAMERA&quot;" />
      <val name="conditional" val="true" />
    </annotation>
  </item>
  <item name="android.app.admin.DevicePolicyManager void setCommonCriteriaModeEnabled(android.content.ComponentName, boolean)">
    <annotation name="androidx.annotation.RequiresPermission">
      <val name="value" val="&quot;android.permission.MANAGE_DEVICE_POLICY_COMMON_CRITERIA_MODE&quot;" />
      <val name="conditional" val="true" />
    </annotation>
  </item>
  <item name="android.app.admin.DevicePolicyManager void setConfiguredNetworksLockdownState(android.content.ComponentName, boolean)">
    <annotation name="androidx.annotation.RequiresPermission">
      <val name="value" val="&quot;android.permission.MANAGE_DEVICE_POLICY_WIFI&quot;" />
      <val name="conditional" val="true" />
    </annotation>
  </item>
  <item name="android.app.admin.DevicePolicyManager void setContentProtectionPolicy(android.content.ComponentName, int)">
    <annotation name="androidx.annotation.RequiresPermission">
      <val name="value" val="&quot;android.permission.MANAGE_DEVICE_POLICY_CONTENT_PROTECTION&quot;" />
      <val name="conditional" val="true" />
    </annotation>
  </item>
  <item name="android.app.admin.DevicePolicyManager void setContentProtectionPolicy(android.content.ComponentName, int) 1">
    <annotation name="androidx.annotation.IntDef">
      <val name="value" val="{android.app.admin.DevicePolicyManager.CONTENT_PROTECTION_NOT_CONTROLLED_BY_POLICY, android.app.admin.DevicePolicyManager.CONTENT_PROTECTION_DISABLED, android.app.admin.DevicePolicyManager.CONTENT_PROTECTION_ENABLED}" />
    </annotation>
  </item>
  <item name="android.app.admin.DevicePolicyManager void setDefaultSmsApplication(android.content.ComponentName, java.lang.String)">
    <annotation name="androidx.annotation.RequiresPermission">
      <val name="value" val="&quot;android.permission.MANAGE_DEVICE_POLICY_DEFAULT_SMS&quot;" />
      <val name="conditional" val="true" />
    </annotation>
  </item>
  <item name="android.app.admin.DevicePolicyManager void setFactoryResetProtectionPolicy(android.content.ComponentName, android.app.admin.FactoryResetProtectionPolicy)">
    <annotation name="androidx.annotation.RequiresPermission">
      <val name="value" val="&quot;android.permission.MANAGE_DEVICE_POLICY_FACTORY_RESET&quot;" />
      <val name="conditional" val="true" />
    </annotation>
  </item>
  <item name="android.app.admin.DevicePolicyManager void setKeyguardDisabledFeatures(android.content.ComponentName, int)">
    <annotation name="androidx.annotation.RequiresPermission">
      <val name="value" val="&quot;android.permission.MANAGE_DEVICE_POLICY_KEYGUARD&quot;" />
      <val name="conditional" val="true" />
    </annotation>
  </item>
  <item name="android.app.admin.DevicePolicyManager void setLockTaskFeatures(android.content.ComponentName, int)">
    <annotation name="androidx.annotation.RequiresPermission">
      <val name="value" val="&quot;android.permission.MANAGE_DEVICE_POLICY_LOCK_TASK&quot;" />
      <val name="conditional" val="true" />
    </annotation>
  </item>
  <item name="android.app.admin.DevicePolicyManager void setLockTaskFeatures(android.content.ComponentName, int) 1">
    <annotation name="androidx.annotation.IntDef">
      <val name="value" val="{android.app.admin.DevicePolicyManager.LOCK_TASK_FEATURE_NONE, android.app.admin.DevicePolicyManager.LOCK_TASK_FEATURE_SYSTEM_INFO, android.app.admin.DevicePolicyManager.LOCK_TASK_FEATURE_NOTIFICATIONS, android.app.admin.DevicePolicyManager.LOCK_TASK_FEATURE_HOME, android.app.admin.DevicePolicyManager.LOCK_TASK_FEATURE_OVERVIEW, android.app.admin.DevicePolicyManager.LOCK_TASK_FEATURE_GLOBAL_ACTIONS, android.app.admin.DevicePolicyManager.LOCK_TASK_FEATURE_KEYGUARD, android.app.admin.DevicePolicyManager.LOCK_TASK_FEATURE_BLOCK_ACTIVITY_START_IN_TASK}" />
      <val name="flag" val="true" />
    </annotation>
  </item>
  <item name="android.app.admin.DevicePolicyManager void setLockTaskPackages(android.content.ComponentName, java.lang.String[])">
    <annotation name="androidx.annotation.RequiresPermission">
      <val name="value" val="&quot;android.permission.MANAGE_DEVICE_POLICY_LOCK_TASK&quot;" />
      <val name="conditional" val="true" />
    </annotation>
  </item>
  <item name="android.app.admin.DevicePolicyManager void setMaximumFailedPasswordsForWipe(android.content.ComponentName, int)">
    <annotation name="androidx.annotation.RequiresPermission">
      <val name="value" val="&quot;android.permission.MANAGE_DEVICE_POLICY_WIPE_DATA&quot;" />
      <val name="conditional" val="true" />
    </annotation>
  </item>
  <item name="android.app.admin.DevicePolicyManager void setMaximumTimeToLock(android.content.ComponentName, long)">
    <annotation name="androidx.annotation.RequiresPermission">
      <val name="value" val="&quot;android.permission.MANAGE_DEVICE_POLICY_LOCK&quot;" />
      <val name="conditional" val="true" />
    </annotation>
  </item>
  <item name="android.app.admin.DevicePolicyManager void setMinimumRequiredWifiSecurityLevel(int)">
    <annotation name="androidx.annotation.RequiresPermission">
      <val name="value" val="&quot;android.permission.MANAGE_DEVICE_POLICY_WIFI&quot;" />
      <val name="conditional" val="true" />
    </annotation>
  </item>
  <item name="android.app.admin.DevicePolicyManager void setMinimumRequiredWifiSecurityLevel(int) 0">
    <annotation name="androidx.annotation.IntDef">
      <val name="value" val="{android.app.admin.DevicePolicyManager.WIFI_SECURITY_OPEN, android.app.admin.DevicePolicyManager.WIFI_SECURITY_PERSONAL, android.app.admin.DevicePolicyManager.WIFI_SECURITY_ENTERPRISE_EAP, android.app.admin.DevicePolicyManager.WIFI_SECURITY_ENTERPRISE_192}" />
    </annotation>
  </item>
  <item name="android.app.admin.DevicePolicyManager void setMtePolicy(int)">
    <annotation name="androidx.annotation.RequiresPermission">
      <val name="value" val="&quot;android.permission.MANAGE_DEVICE_POLICY_MTE&quot;" />
      <val name="conditional" val="true" />
    </annotation>
  </item>
  <item name="android.app.admin.DevicePolicyManager void setMtePolicy(int) 0">
    <annotation name="androidx.annotation.IntDef">
      <val name="value" val="{android.app.admin.DevicePolicyManager.MTE_ENABLED, android.app.admin.DevicePolicyManager.MTE_DISABLED, android.app.admin.DevicePolicyManager.MTE_NOT_CONTROLLED_BY_POLICY}" />
    </annotation>
  </item>
  <item name="android.app.admin.DevicePolicyManager void setNearbyAppStreamingPolicy(int) 0">
    <annotation name="androidx.annotation.IntDef">
      <val name="value" val="{android.app.admin.DevicePolicyManager.NEARBY_STREAMING_NOT_CONTROLLED_BY_POLICY, android.app.admin.DevicePolicyManager.NEARBY_STREAMING_DISABLED, android.app.admin.DevicePolicyManager.NEARBY_STREAMING_ENABLED, android.app.admin.DevicePolicyManager.NEARBY_STREAMING_SAME_MANAGED_ACCOUNT_ONLY}" />
    </annotation>
  </item>
  <item name="android.app.admin.DevicePolicyManager void setNearbyNotificationStreamingPolicy(int) 0">
    <annotation name="androidx.annotation.IntDef">
      <val name="value" val="{android.app.admin.DevicePolicyManager.NEARBY_STREAMING_NOT_CONTROLLED_BY_POLICY, android.app.admin.DevicePolicyManager.NEARBY_STREAMING_DISABLED, android.app.admin.DevicePolicyManager.NEARBY_STREAMING_ENABLED, android.app.admin.DevicePolicyManager.NEARBY_STREAMING_SAME_MANAGED_ACCOUNT_ONLY}" />
    </annotation>
  </item>
  <item name="android.app.admin.DevicePolicyManager void setOrganizationName(android.content.ComponentName, java.lang.CharSequence)">
    <annotation name="androidx.annotation.RequiresPermission">
      <val name="value" val="&quot;android.permission.MANAGE_DEVICE_POLICY_ORGANIZATION_IDENTITY&quot;" />
      <val name="conditional" val="true" />
    </annotation>
  </item>
  <item name="android.app.admin.DevicePolicyManager void setPasswordExpirationTimeout(android.content.ComponentName, long)">
    <annotation name="androidx.annotation.RequiresPermission">
      <val name="value" val="&quot;android.permission.MANAGE_DEVICE_POLICY_LOCK_CREDENTIALS&quot;" />
      <val name="conditional" val="true" />
    </annotation>
  </item>
  <item name="android.app.admin.DevicePolicyManager void setRequiredPasswordComplexity(int)">
    <annotation name="androidx.annotation.RequiresPermission">
      <val name="value" val="&quot;android.permission.MANAGE_DEVICE_POLICY_LOCK_CREDENTIALS&quot;" />
      <val name="conditional" val="true" />
    </annotation>
  </item>
  <item name="android.app.admin.DevicePolicyManager void setRequiredPasswordComplexity(int) 0">
    <annotation name="androidx.annotation.IntDef">
      <val name="value" val="{android.app.admin.DevicePolicyManager.PASSWORD_COMPLEXITY_NONE, android.app.admin.DevicePolicyManager.PASSWORD_COMPLEXITY_LOW, android.app.admin.DevicePolicyManager.PASSWORD_COMPLEXITY_MEDIUM, android.app.admin.DevicePolicyManager.PASSWORD_COMPLEXITY_HIGH}" />
    </annotation>
  </item>
  <item name="android.app.admin.DevicePolicyManager void setRequiredStrongAuthTimeout(android.content.ComponentName, long)">
    <annotation name="androidx.annotation.RequiresPermission">
      <val name="value" val="&quot;android.permission.MANAGE_DEVICE_POLICY_LOCK_CREDENTIALS&quot;" />
      <val name="conditional" val="true" />
    </annotation>
  </item>
  <item name="android.app.admin.DevicePolicyManager void setScreenCaptureDisabled(android.content.ComponentName, boolean)">
    <annotation name="androidx.annotation.RequiresPermission">
      <val name="value" val="&quot;android.permission.MANAGE_DEVICE_POLICY_SCREEN_CAPTURE&quot;" />
      <val name="conditional" val="true" />
    </annotation>
  </item>
  <item name="android.app.admin.DevicePolicyManager void setSecurityLoggingEnabled(android.content.ComponentName, boolean)">
    <annotation name="androidx.annotation.RequiresPermission">
      <val name="value" val="&quot;android.permission.MANAGE_DEVICE_POLICY_SECURITY_LOGGING&quot;" />
      <val name="conditional" val="true" />
    </annotation>
  </item>
  <item name="android.app.admin.DevicePolicyManager void setShortSupportMessage(android.content.ComponentName, java.lang.CharSequence)">
    <annotation name="androidx.annotation.RequiresPermission">
      <val name="value" val="&quot;android.permission.MANAGE_DEVICE_POLICY_SUPPORT_MESSAGE&quot;" />
      <val name="conditional" val="true" />
    </annotation>
  </item>
  <item name="android.app.admin.DevicePolicyManager void setSystemSetting(android.content.ComponentName, java.lang.String, java.lang.String) 1">
    <annotation name="androidx.annotation.StringDef">
      <val name="value" val="{android.provider.Settings.System.SCREEN_BRIGHTNESS_MODE, android.provider.Settings.System.SCREEN_BRIGHTNESS, android.provider.Settings.System.SCREEN_OFF_TIMEOUT}" />
    </annotation>
  </item>
  <item name="android.app.admin.DevicePolicyManager void setSystemUpdatePolicy(android.content.ComponentName, android.app.admin.SystemUpdatePolicy)">
    <annotation name="androidx.annotation.RequiresPermission">
      <val name="value" val="&quot;android.permission.MANAGE_DEVICE_POLICY_SYSTEM_UPDATES&quot;" />
      <val name="conditional" val="true" />
    </annotation>
  </item>
  <item name="android.app.admin.DevicePolicyManager void setTrustAgentConfiguration(android.content.ComponentName, android.content.ComponentName, android.os.PersistableBundle)">
    <annotation name="androidx.annotation.RequiresPermission">
      <val name="value" val="&quot;android.permission.MANAGE_DEVICE_POLICY_KEYGUARD&quot;" />
      <val name="conditional" val="true" />
    </annotation>
  </item>
  <item name="android.app.admin.DevicePolicyManager void setUninstallBlocked(android.content.ComponentName, java.lang.String, boolean)">
    <annotation name="androidx.annotation.RequiresPermission">
      <val name="value" val="&quot;android.permission.MANAGE_DEVICE_POLICY_APPS_CONTROL&quot;" />
      <val name="conditional" val="true" />
    </annotation>
  </item>
  <item name="android.app.admin.DevicePolicyManager void setUsbDataSignalingEnabled(boolean)">
    <annotation name="androidx.annotation.RequiresPermission">
      <val name="value" val="&quot;android.permission.MANAGE_DEVICE_POLICY_USB_DATA_SIGNALLING&quot;" />
      <val name="conditional" val="true" />
    </annotation>
  </item>
  <item name="android.app.admin.DevicePolicyManager void setUserControlDisabledPackages(android.content.ComponentName, java.util.List&lt;java.lang.String&gt;)">
    <annotation name="androidx.annotation.RequiresPermission">
      <val name="value" val="&quot;android.permission.MANAGE_DEVICE_POLICY_APPS_CONTROL&quot;" />
      <val name="conditional" val="true" />
    </annotation>
  </item>
  <item name="android.app.admin.DevicePolicyManager void setWifiSsidPolicy(android.app.admin.WifiSsidPolicy)">
    <annotation name="androidx.annotation.RequiresPermission">
      <val name="value" val="&quot;android.permission.MANAGE_DEVICE_POLICY_WIFI&quot;" />
      <val name="conditional" val="true" />
    </annotation>
  </item>
  <item name="android.app.admin.DevicePolicyManager void wipeData(int)">
    <annotation name="androidx.annotation.RequiresPermission">
      <val name="value" val="&quot;android.permission.MANAGE_DEVICE_POLICY_WIPE_DATA&quot;" />
      <val name="conditional" val="true" />
    </annotation>
  </item>
  <item name="android.app.admin.DevicePolicyManager void wipeData(int, java.lang.CharSequence)">
    <annotation name="androidx.annotation.RequiresPermission">
      <val name="value" val="&quot;android.permission.MANAGE_DEVICE_POLICY_WIPE_DATA&quot;" />
      <val name="conditional" val="true" />
    </annotation>
  </item>
  <item name="android.app.admin.DevicePolicyManager void wipeDevice(int)">
    <annotation name="androidx.annotation.RequiresPermission">
      <val name="value" val="&quot;android.permission.MANAGE_DEVICE_POLICY_WIPE_DATA&quot;" />
      <val name="conditional" val="true" />
    </annotation>
  </item>
  <item name="android.app.admin.DevicePolicyManager.InstallSystemUpdateCallback void onInstallUpdateError(int, java.lang.String) 0">
    <annotation name="androidx.annotation.IntDef">
      <val name="value" val="{android.app.admin.DevicePolicyManager.InstallSystemUpdateCallback.UPDATE_ERROR_UNKNOWN, android.app.admin.DevicePolicyManager.InstallSystemUpdateCallback.UPDATE_ERROR_INCORRECT_OS_VERSION, android.app.admin.DevicePolicyManager.InstallSystemUpdateCallback.UPDATE_ERROR_UPDATE_FILE_INVALID, android.app.admin.DevicePolicyManager.InstallSystemUpdateCallback.UPDATE_ERROR_FILE_NOT_FOUND, android.app.admin.DevicePolicyManager.InstallSystemUpdateCallback.UPDATE_ERROR_BATTERY_LOW}" />
    </annotation>
  </item>
  <item name="android.app.admin.ManagedSubscriptionsPolicy ManagedSubscriptionsPolicy(int) 0">
    <annotation name="androidx.annotation.IntDef">
      <val name="value" val="{android.app.admin.ManagedSubscriptionsPolicy.TYPE_ALL_PERSONAL_SUBSCRIPTIONS, android.app.admin.ManagedSubscriptionsPolicy.TYPE_ALL_MANAGED_SUBSCRIPTIONS}" />
    </annotation>
  </item>
  <item name="android.app.admin.ManagedSubscriptionsPolicy int getPolicyType()">
    <annotation name="androidx.annotation.IntDef">
      <val name="value" val="{android.app.admin.ManagedSubscriptionsPolicy.TYPE_ALL_PERSONAL_SUBSCRIPTIONS, android.app.admin.ManagedSubscriptionsPolicy.TYPE_ALL_MANAGED_SUBSCRIPTIONS}" />
    </annotation>
  </item>
  <item name="android.app.admin.PackagePolicy PackagePolicy(int) 0">
    <annotation name="androidx.annotation.IntDef">
      <val name="value" val="{android.app.admin.PackagePolicy.PACKAGE_POLICY_BLOCKLIST, android.app.admin.PackagePolicy.PACKAGE_POLICY_ALLOWLIST_AND_SYSTEM, android.app.admin.PackagePolicy.PACKAGE_POLICY_ALLOWLIST}" />
    </annotation>
  </item>
  <item name="android.app.admin.PackagePolicy PackagePolicy(int, java.util.Set&lt;java.lang.String&gt;) 0">
    <annotation name="androidx.annotation.IntDef">
      <val name="value" val="{android.app.admin.PackagePolicy.PACKAGE_POLICY_BLOCKLIST, android.app.admin.PackagePolicy.PACKAGE_POLICY_ALLOWLIST_AND_SYSTEM, android.app.admin.PackagePolicy.PACKAGE_POLICY_ALLOWLIST}" />
    </annotation>
  </item>
  <item name="android.app.admin.PackagePolicy int getPolicyType()">
    <annotation name="androidx.annotation.IntDef">
      <val name="value" val="{android.app.admin.PackagePolicy.PACKAGE_POLICY_BLOCKLIST, android.app.admin.PackagePolicy.PACKAGE_POLICY_ALLOWLIST_AND_SYSTEM, android.app.admin.PackagePolicy.PACKAGE_POLICY_ALLOWLIST}" />
    </annotation>
  </item>
  <item name="android.app.admin.PolicyUpdateResult PolicyUpdateResult(int) 0">
    <annotation name="androidx.annotation.IntDef">
      <val name="value" val="{android.app.admin.PolicyUpdateResult.RESULT_FAILURE_UNKNOWN, android.app.admin.PolicyUpdateResult.RESULT_POLICY_SET, android.app.admin.PolicyUpdateResult.RESULT_FAILURE_CONFLICTING_ADMIN_POLICY, android.app.admin.PolicyUpdateResult.RESULT_POLICY_CLEARED, android.app.admin.PolicyUpdateResult.RESULT_FAILURE_STORAGE_LIMIT_REACHED, android.app.admin.PolicyUpdateResult.RESULT_FAILURE_HARDWARE_LIMITATION}" />
    </annotation>
  </item>
  <item name="android.app.admin.PolicyUpdateResult int getResultCode()">
    <annotation name="androidx.annotation.IntDef">
      <val name="value" val="{android.app.admin.PolicyUpdateResult.RESULT_FAILURE_UNKNOWN, android.app.admin.PolicyUpdateResult.RESULT_POLICY_SET, android.app.admin.PolicyUpdateResult.RESULT_FAILURE_CONFLICTING_ADMIN_POLICY, android.app.admin.PolicyUpdateResult.RESULT_POLICY_CLEARED, android.app.admin.PolicyUpdateResult.RESULT_FAILURE_STORAGE_LIMIT_REACHED, android.app.admin.PolicyUpdateResult.RESULT_FAILURE_HARDWARE_LIMITATION}" />
    </annotation>
  </item>
  <item name="android.app.admin.PreferentialNetworkServiceConfig int getNetworkId()">
    <annotation name="androidx.annotation.IntDef">
      <val name="value" val="{android.app.admin.PreferentialNetworkServiceConfig.PREFERENTIAL_NETWORK_ID_1, android.app.admin.PreferentialNetworkServiceConfig.PREFERENTIAL_NETWORK_ID_2, android.app.admin.PreferentialNetworkServiceConfig.PREFERENTIAL_NETWORK_ID_3, android.app.admin.PreferentialNetworkServiceConfig.PREFERENTIAL_NETWORK_ID_4, android.app.admin.PreferentialNetworkServiceConfig.PREFERENTIAL_NETWORK_ID_5}" />
    </annotation>
  </item>
  <item name="android.app.admin.PreferentialNetworkServiceConfig.Builder android.app.admin.PreferentialNetworkServiceConfig.Builder setNetworkId(int) 0">
    <annotation name="androidx.annotation.IntDef">
      <val name="value" val="{android.app.admin.PreferentialNetworkServiceConfig.PREFERENTIAL_NETWORK_ID_1, android.app.admin.PreferentialNetworkServiceConfig.PREFERENTIAL_NETWORK_ID_2, android.app.admin.PreferentialNetworkServiceConfig.PREFERENTIAL_NETWORK_ID_3, android.app.admin.PreferentialNetworkServiceConfig.PREFERENTIAL_NETWORK_ID_4, android.app.admin.PreferentialNetworkServiceConfig.PREFERENTIAL_NETWORK_ID_5}" />
    </annotation>
  </item>
  <item name="android.app.admin.SecurityLog.SecurityEvent int getLogLevel()">
    <annotation name="androidx.annotation.IntDef">
      <val name="value" val="{android.app.admin.SecurityLog.LEVEL_INFO, android.app.admin.SecurityLog.LEVEL_WARNING, android.app.admin.SecurityLog.LEVEL_ERROR}" />
    </annotation>
  </item>
  <item name="android.app.admin.SecurityLog.SecurityEvent int getTag()">
    <annotation name="androidx.annotation.IntDef">
      <val name="value" val="{android.app.admin.SecurityLog.TAG_ADB_SHELL_INTERACTIVE, android.app.admin.SecurityLog.TAG_ADB_SHELL_CMD, android.app.admin.SecurityLog.TAG_SYNC_RECV_FILE, android.app.admin.SecurityLog.TAG_SYNC_SEND_FILE, android.app.admin.SecurityLog.TAG_APP_PROCESS_START, android.app.admin.SecurityLog.TAG_KEYGUARD_DISMISSED, android.app.admin.SecurityLog.TAG_KEYGUARD_DISMISS_AUTH_ATTEMPT, android.app.admin.SecurityLog.TAG_KEYGUARD_SECURED, android.app.admin.SecurityLog.TAG_OS_STARTUP, android.app.admin.SecurityLog.TAG_OS_SHUTDOWN, android.app.admin.SecurityLog.TAG_LOGGING_STARTED, android.app.admin.SecurityLog.TAG_LOGGING_STOPPED, android.app.admin.SecurityLog.TAG_MEDIA_MOUNT, android.app.admin.SecurityLog.TAG_MEDIA_UNMOUNT, android.app.admin.SecurityLog.TAG_LOG_BUFFER_SIZE_CRITICAL, android.app.admin.SecurityLog.TAG_PASSWORD_EXPIRATION_SET, android.app.admin.SecurityLog.TAG_PASSWORD_COMPLEXITY_SET, android.app.admin.SecurityLog.TAG_PASSWORD_HISTORY_LENGTH_SET, android.app.admin.SecurityLog.TAG_MAX_SCREEN_LOCK_TIMEOUT_SET, android.app.admin.SecurityLog.TAG_MAX_PASSWORD_ATTEMPTS_SET, android.app.admin.SecurityLog.TAG_KEYGUARD_DISABLED_FEATURES_SET, android.app.admin.SecurityLog.TAG_REMOTE_LOCK, android.app.admin.SecurityLog.TAG_USER_RESTRICTION_ADDED, android.app.admin.SecurityLog.TAG_USER_RESTRICTION_REMOVED, android.app.admin.SecurityLog.TAG_WIPE_FAILURE, android.app.admin.SecurityLog.TAG_KEY_GENERATED, android.app.admin.SecurityLog.TAG_KEY_IMPORT, android.app.admin.SecurityLog.TAG_KEY_DESTRUCTION, android.app.admin.SecurityLog.TAG_CERT_AUTHORITY_INSTALLED, android.app.admin.SecurityLog.TAG_CERT_AUTHORITY_REMOVED, android.app.admin.SecurityLog.TAG_CRYPTO_SELF_TEST_COMPLETED, android.app.admin.SecurityLog.TAG_KEY_INTEGRITY_VIOLATION, android.app.admin.SecurityLog.TAG_CERT_VALIDATION_FAILURE, android.app.admin.SecurityLog.TAG_CAMERA_POLICY_SET, android.app.admin.SecurityLog.TAG_PASSWORD_COMPLEXITY_REQUIRED, android.app.admin.SecurityLog.TAG_PASSWORD_CHANGED, android.app.admin.SecurityLog.TAG_WIFI_CONNECTION, android.app.admin.SecurityLog.TAG_WIFI_DISCONNECTION, android.app.admin.SecurityLog.TAG_BLUETOOTH_CONNECTION, android.app.admin.SecurityLog.TAG_BLUETOOTH_DISCONNECTION, android.app.admin.SecurityLog.TAG_PACKAGE_INSTALLED, android.app.admin.SecurityLog.TAG_PACKAGE_UPDATED, android.app.admin.SecurityLog.TAG_PACKAGE_UNINSTALLED, android.app.admin.SecurityLog.TAG_BACKUP_SERVICE_TOGGLED, android.app.admin.SecurityLog.TAG_NFC_ENABLED, android.app.admin.SecurityLog.TAG_NFC_DISABLED}" />
    </annotation>
  </item>
  <item name="android.app.admin.SystemUpdateInfo int getSecurityPatchState()">
    <annotation name="androidx.annotation.IntDef">
      <val name="value" val="{android.app.admin.SystemUpdateInfo.SECURITY_PATCH_STATE_FALSE, android.app.admin.SystemUpdateInfo.SECURITY_PATCH_STATE_TRUE, android.app.admin.SystemUpdateInfo.SECURITY_PATCH_STATE_UNKNOWN}" />
    </annotation>
  </item>
  <item name="android.app.admin.SystemUpdatePolicy int getPolicyType()">
    <annotation name="androidx.annotation.IntDef">
      <val name="value" val="{android.app.admin.SystemUpdatePolicy.TYPE_INSTALL_AUTOMATIC, android.app.admin.SystemUpdatePolicy.TYPE_INSTALL_WINDOWED, android.app.admin.SystemUpdatePolicy.TYPE_POSTPONE}" />
    </annotation>
  </item>
  <item name="android.app.admin.SystemUpdatePolicy.ValidationFailedException int getErrorCode()">
    <annotation name="androidx.annotation.IntDef">
      <val name="value" val="{android.app.admin.SystemUpdatePolicy.ValidationFailedException.ERROR_DUPLICATE_OR_OVERLAP, android.app.admin.SystemUpdatePolicy.ValidationFailedException.ERROR_NEW_FREEZE_PERIOD_TOO_LONG, android.app.admin.SystemUpdatePolicy.ValidationFailedException.ERROR_NEW_FREEZE_PERIOD_TOO_CLOSE, android.app.admin.SystemUpdatePolicy.ValidationFailedException.ERROR_COMBINED_FREEZE_PERIOD_TOO_LONG, android.app.admin.SystemUpdatePolicy.ValidationFailedException.ERROR_COMBINED_FREEZE_PERIOD_TOO_CLOSE, android.app.admin.SystemUpdatePolicy.ValidationFailedException.ERROR_UNKNOWN}" />
    </annotation>
  </item>
  <item name="android.app.admin.WifiSsidPolicy WifiSsidPolicy(int, java.util.Set&lt;android.net.wifi.WifiSsid&gt;) 0">
    <annotation name="androidx.annotation.IntDef">
      <val name="value" val="{android.app.admin.WifiSsidPolicy.WIFI_SSID_POLICY_TYPE_ALLOWLIST, android.app.admin.WifiSsidPolicy.WIFI_SSID_POLICY_TYPE_DENYLIST}" />
    </annotation>
  </item>
  <item name="android.app.admin.WifiSsidPolicy int getPolicyType()">
    <annotation name="androidx.annotation.IntDef">
      <val name="value" val="{android.app.admin.WifiSsidPolicy.WIFI_SSID_POLICY_TYPE_ALLOWLIST, android.app.admin.WifiSsidPolicy.WIFI_SSID_POLICY_TYPE_DENYLIST}" />
    </annotation>
  </item>
</root>

